SbjNum,Latitude,Longitude,Q_6,Q_119_LA,Q_119_LO,CountyNew,COUNTYv1
56069377, , ,BARINGO,0.23137028,35.83389162,BARINGO,Baringo
56069378,0.23099576,35.83360792,BARINGO,0.23137028,35.83389162,BARINGO,Bomet
56069379,0.231529765,35.833919,BARINGO,0.225043226,35.83629239,BARINGO,Bungoma
56069380, , ,BARINGO,0.225043226,35.83629239,BARINGO,Busia
56069381, , ,BARINGO,0.225043226,35.83629239,BARINGO,Embu
56069382, , ,BARINGO,0.225043226,35.83629239,BARINGO,Garissa
56069383,0.225043226,35.83629239,BARINGO,0.225043226,35.83629239,BARINGO,Homabay
56069368,0.226994033,35.82061117,BARINGO,0.227084928,35.82069339,BARINGO,Kajiado
56069386,0.158242224,35.82666256,BARINGO,0.158895333,35.82738006,BARINGO,Kakamega
56069369,0.228951545,35.82716003,BARINGO,0.229785332,35.82953202,BARINGO,Elgeyo-marakwet
56069365,0.226914346,35.82050772,BARINGO,0.230960349,35.83402272,BARINGO,Kiambu
56069366,0.230960349,35.83402272,BARINGO,0.230906537,35.834183,BARINGO,Kilifi
56069370,0.230741103,35.83441989,BARINGO,0.230522435,35.83423976,BARINGO,Kirinyaga
56069385,0.224871106,35.83440651,BARINGO,0.224750654,35.83426283,BARINGO,Kisii
56069384,0.224813584,35.83436093,BARINGO,0.224708116,35.83438351,BARINGO,Kisumu
56069373,0.230947459,35.83442372,BARINGO,0.230873913,35.83443752,BARINGO,Kitui
56069372,0.230951479,35.8344686,BARINGO,0.230951479,35.8344686,BARINGO,Kwale
56069371,0.230971952,35.83446436,BARINGO,0.230950522,35.83453723,BARINGO,Machakos
56069374,0.231119828,35.83471412,BARINGO,0.231119828,35.83471412,BARINGO,Makueni
56069375,0.227189505,35.83493484,BARINGO,0.227189505,35.83493484,BARINGO,Mandera
56080343,-0.539888333,35.291375,BOMET,-0.539888333,35.291375,BOMET,Marsabit
55947462,-0.535868333,35.29177,BOMET,-0.535868333,35.29177,BOMET,Meru
55947463,-0.535905,35.292025,BOMET,-0.535905,35.292025,BOMET,Migori
56080347,-0.54428,35.29217833,BOMET,-0.54428,35.29217833,BOMET,Mombasa
56080344, , ,BOMET,-0.540521667,35.29221,BOMET,Murang'a
56080346,-0.54362,35.29252167,BOMET,-0.54362,35.29252167,BOMET,Nairobi
56080345,-0.541263333,35.29260667,BOMET,-0.541263333,35.29260667,BOMET,Nakuru
56080349,-0.545811667,35.29260833,BOMET,-0.545811667,35.29260833,BOMET,Nandi
56080348, , ,BOMET,-0.544988333,35.29264833,BOMET,Narok
55933907,-0.536099168,35.29390444,BOMET,-0.536099168,35.29390444,BOMET,Nyamira
55933906,-0.535781449,35.29391297,BOMET,-0.535781449,35.29391297,BOMET,Nyeri
55933910,-0.535820718,35.29413007,BOMET,-0.535813016,35.29398983,BOMET,Samburu
55933908,-0.536321852,35.29449415,BOMET,-0.536321852,35.29449415,BOMET,Siaya
55933909,-0.535874748,35.29459651,BOMET,-0.535945449,35.29452055,BOMET,Taita Taveta
55933905,-0.53581041,35.29466856,BOMET,-0.5358206,35.29454468,BOMET,Turkana
55947459,-0.535828333,35.294525,BOMET,-0.535876667,35.29454833,BOMET,Wajir
55947458,-0.535863333,35.29469667,BOMET,-0.535848333,35.29463833,BOMET,
55947457,-0.535381667,35.29515167,BOMET,-0.5354,35.295095,BOMET,
55947460,-0.535063333,35.295835,BOMET,-0.535063333,35.295835,BOMET,
55947461,-0.534048333,35.29740333,BOMET,-0.534048333,35.29740333,BOMET,
55906903,-0.776798333,35.339425,BOMET,-0.776798333,35.339425,BOMET,
55906902,-0.77748,35.33956167,BOMET,-0.77748,35.33956167,BOMET,
55888005,-0.777680152,35.33969408,BOMET,-0.777680152,35.33969408,BOMET,
55906906,-0.778231667,35.34009833,BOMET,-0.778231667,35.34009833,BOMET,
55906904,-0.776658333,35.34022667,BOMET,-0.776645,35.34025667,BOMET,
55888010,-0.778361041,35.34028879,BOMET,-0.778361041,35.34028879,BOMET,
55888012,-0.778782864,35.34032605,BOMET,-0.778782864,35.34032605,BOMET,
55888011,-0.77831265,35.34045167,BOMET,-0.77831265,35.34045167,BOMET,
55888013,-0.777936946,35.34052036,BOMET,-0.777936946,35.34052036,BOMET,
55906905,-0.776045,35.34053833,BOMET,-0.776045,35.34053833,BOMET,
55888004,-0.778391801,35.3402694,BOMET,-0.778708271,35.34054841,BOMET,
55888001,-0.778229739,35.34054421,BOMET,-0.778307282,35.3406007,BOMET,
55888002,-0.778556893,35.34064975,BOMET,-0.778556893,35.34064975,BOMET,
55888000,-0.778287592,35.34070407,BOMET,-0.778287592,35.34070407,BOMET,
55888009,-0.778059905,35.34086344,BOMET,-0.778059905,35.34086344,BOMET,
55888007,-0.780769421,35.34209115,BOMET,-0.780769421,35.34209115,BOMET,
55906900,-0.78044,35.342515,BOMET,-0.780396667,35.34237833,BOMET,
55888008,-0.780297182,35.34241724,BOMET,-0.780297182,35.34241724,BOMET,
55887999,-0.7805305,35.34248859,BOMET,-0.7805305,35.34248859,BOMET,
55906901,-0.779935,35.342895,BOMET,-0.779935,35.342895,BOMET,
55890915,0.778901487,34.55108833,BUNGOMA,0.778901487,34.55108833,BUNGOMA,
55890921,0.778901487,34.55108833,BUNGOMA,0.778901487,34.55108833,BUNGOMA,
55890922,0.778901487,34.55108833,BUNGOMA,0.778901487,34.55108833,BUNGOMA,
55890919,0.777367508,34.55005888,BUNGOMA,0.777367508,34.55005888,BUNGOMA,
55862169,0.77501099,34.55207797,BUNGOMA,0.774671183,34.55011191,BUNGOMA,
55890917,0.776130465,34.55018787,BUNGOMA,0.776130465,34.55018787,BUNGOMA,
55890916,0.775868624,34.55043372,BUNGOMA,0.775868624,34.55043372,BUNGOMA,
55890920,0.778524956,34.55089735,BUNGOMA,0.77854346,34.55078708,BUNGOMA,
55862368,0.775107049,34.55109759,BUNGOMA,0.775107049,34.55109759,BUNGOMA,
55862370,0.776725773,34.55112905,BUNGOMA,0.776725773,34.55112905,BUNGOMA,
55862369,0.776383454,34.55124684,BUNGOMA,0.776383454,34.55124684,BUNGOMA,
55862371,0.775610229,34.55152531,BUNGOMA,0.775610229,34.55152531,BUNGOMA,
55862170,0.775321448,34.55153762,BUNGOMA,0.775321448,34.55153762,BUNGOMA,
55862372,0.775817342,34.55254109,BUNGOMA,0.775817342,34.55254109,BUNGOMA,
55862375,0.778578568,34.55374398,BUNGOMA,0.778550801,34.55375945,BUNGOMA,
55862374,0.777656393,34.55438063,BUNGOMA,0.777656393,34.55438063,BUNGOMA,
55862174,0.778584336,34.55456919,BUNGOMA,0.778584336,34.55456919,BUNGOMA,
55862171,0.775814836,34.55484564,BUNGOMA,0.775814836,34.55484564,BUNGOMA,
55862173,0.776999277,34.55514263,BUNGOMA,0.776999277,34.55514263,BUNGOMA,
55862172,0.774938051,34.55517336,BUNGOMA,0.774938051,34.55517336,BUNGOMA,
55772914,0.615461183,34.64815018,BUNGOMA,0.615461183,34.64815018,BUNGOMA,
55772913,0.61468939,34.6507358,BUNGOMA,0.61468939,34.6507358,BUNGOMA,
55772915,0.61209554,34.65097353,BUNGOMA,0.61209554,34.65097353,BUNGOMA,
55772916,0.611427165,34.65291203,BUNGOMA,0.611427165,34.65291203,BUNGOMA,
55772917,0.611249948,34.65309142,BUNGOMA,0.611249948,34.65309142,BUNGOMA,
55842193,0.614062587,34.65372431,BUNGOMA,0.614062587,34.65372431,BUNGOMA,
55772912,0.613432835,34.65390266,BUNGOMA,0.613432835,34.65390266,BUNGOMA,
55842192,0.61389189,34.65393557,BUNGOMA,0.61389189,34.65393557,BUNGOMA,
55827015,0.613413959,34.65412111,BUNGOMA,0.613413959,34.65412111,BUNGOMA,
55827014,0.61326955,34.65429923,BUNGOMA,0.61326955,34.65429923,BUNGOMA,
55842194,0.613967645,34.65456431,BUNGOMA,0.613967645,34.65456431,BUNGOMA,
55827016,0.61295367,34.65562691,BUNGOMA,0.61295367,34.65562691,BUNGOMA,
55827013, , ,BUNGOMA,0.614589645,34.65563298,BUNGOMA,
55772911, , ,BUNGOMA,0.614187285,34.65576293,BUNGOMA,
55827017, , ,BUNGOMA,0.612421718,34.65605475,BUNGOMA,
55842197,0.613589939,34.65611116,BUNGOMA,0.613589939,34.65611116,BUNGOMA,
55842195,0.613231254,34.65614458,BUNGOMA,0.613231254,34.65614458,BUNGOMA,
55842196,0.613783355,34.65623367,BUNGOMA,0.613783355,34.65623367,BUNGOMA,
55827018, , ,BUNGOMA,0.614616641,34.65705982,BUNGOMA,
55827019, , ,BUNGOMA,0.615339376,34.65726486,BUNGOMA,
55881193,0.607221811,34.76775011,BUNGOMA,0.607221811,34.76775011,BUNGOMA,
55879914,0.605743735,34.76787224,BUNGOMA,0.605743735,34.76787224,BUNGOMA,
55879916,0.606448163,34.76805345,BUNGOMA,0.606448163,34.76805345,BUNGOMA,
55881192,0.606211612,34.76849109,BUNGOMA,0.606211612,34.76849109,BUNGOMA,
55879912,0.606439923,34.76868607,BUNGOMA,0.606439923,34.76868607,BUNGOMA,
55879913,0.606334353,34.76896545,BUNGOMA,0.606334353,34.76896545,BUNGOMA,
55879915,0.606700729,34.76914356,BUNGOMA,0.606700729,34.76914356,BUNGOMA,
55890980, , ,BUNGOMA,0.606263815,34.76933064,BUNGOMA,
55890979, , ,BUNGOMA,0.606552854,34.76939919,BUNGOMA,
55881191,0.606688465,34.76947614,BUNGOMA,0.606688465,34.76947614,BUNGOMA,
55890978,0.606455233,34.76974991,BUNGOMA,0.606455233,34.76974991,BUNGOMA,
55890977,0.60602348,34.76990708,BUNGOMA,0.60602348,34.76990708,BUNGOMA,
55879911, , ,BUNGOMA,0.606031949,34.77003525,BUNGOMA,
55890976,0.605753321,34.77014043,BUNGOMA,0.605753321,34.77014043,BUNGOMA,
55890981,0.606504762,34.77015763,BUNGOMA,0.606504762,34.77015763,BUNGOMA,
55890975,0.605992067,34.77020719,BUNGOMA,0.605992067,34.77020719,BUNGOMA,
55881189,0.607728276,34.77075929,BUNGOMA,0.607728276,34.77075929,BUNGOMA,
55881188,0.607137534,34.77110298,BUNGOMA,0.607137534,34.77110298,BUNGOMA,
55881187,0.606061784,34.77124509,BUNGOMA,0.606061784,34.77124509,BUNGOMA,
55881190,0.605090232,34.7731253,BUNGOMA,0.605090232,34.7731253,BUNGOMA,
55811009,0.320402959,34.27218493,BUSIA,0.320402959,34.27218493,BUSIA,
55811008,0.320706272,34.27258105,BUSIA,0.320730085,34.27251392,BUSIA,
55785304,0.320679832,34.273164,BUSIA,0.320773484,34.27316029,BUSIA,
55785305,0.320315358,34.27350206,BUSIA,0.320245891,34.27341833,BUSIA,
55811007,0.321112874,34.27469313,BUSIA,0.321112874,34.27469313,BUSIA,
55785306,0.319085175,34.27538092,BUSIA,0.319085175,34.27538092,BUSIA,
55785303,0.321174541,34.27513386,BUSIA,0.321537139,34.27555491,BUSIA,
55811006,0.322123214,34.27597015,BUSIA,0.322341193,34.2759605,BUSIA,
55810270,0.315493515,34.27636777,BUSIA,0.315493515,34.27636777,BUSIA,
55785302,0.322623851,34.27661343,BUSIA,0.322623851,34.27661342,BUSIA,
55811005,0.322960814,34.27714027,BUSIA,0.322960814,34.27714027,BUSIA,
55811010,0.318970286,34.27741834,BUSIA,0.318970286,34.27741834,BUSIA,
55785300,0.32315078,34.27750257,BUSIA,0.32306394,34.27744396,BUSIA,
55810269, , ,BUSIA,0.31640079,34.27793381,BUSIA,
55810268,0.316155477,34.27867389,BUSIA,0.316063268,34.2785448,BUSIA,
55810266,0.316855186,34.27967357,BUSIA,0.316855186,34.27967357,BUSIA,
55785307,0.318576735,34.27967967,BUSIA,0.318576735,34.27967967,BUSIA,
55810267,0.316310216,34.2796393,BUSIA,0.316230495,34.27982553,BUSIA,
55810271, , ,BUSIA,0.316972524,34.28009453,BUSIA,
55811011,0.318345992,34.2804697,BUSIA,0.318345992,34.2804697,BUSIA,
55946822,1.07633253,35.61191609,ELGEYO-MARAKWET,1.07633253,35.61191609,ELGEYO-MARAKWET,
55890063,1.07514767,35.61229282,ELGEYO-MARAKWET,1.07514767,35.61229282,ELGEYO-MARAKWET,
55890062,1.074800103,35.61231906,ELGEYO-MARAKWET,1.074800103,35.61231906,ELGEYO-MARAKWET,
55946821,1.076552051,35.61262732,ELGEYO-MARAKWET,1.076552051,35.61262732,ELGEYO-MARAKWET,
55946823,1.076289587,35.61285821,ELGEYO-MARAKWET,1.076289587,35.61285821,ELGEYO-MARAKWET,
55890054,1.069512072,35.61300042,ELGEYO-MARAKWET,1.069512072,35.61300042,ELGEYO-MARAKWET,
55890053,1.070683769,35.61331109,ELGEYO-MARAKWET,1.070683769,35.61331109,ELGEYO-MARAKWET,
55946824,1.075659374,35.61354059,ELGEYO-MARAKWET,1.075515399,35.61354783,ELGEYO-MARAKWET,
55946825,1.07689583,35.61397463,ELGEYO-MARAKWET,1.07689583,35.61397463,ELGEYO-MARAKWET,
55890055,1.068428212,35.61406117,ELGEYO-MARAKWET,1.068428212,35.61406117,ELGEYO-MARAKWET,
55890060,1.067800875,35.61444164,ELGEYO-MARAKWET,1.067800875,35.61444164,ELGEYO-MARAKWET,
55890059,1.069690372,35.61496295,ELGEYO-MARAKWET,1.069690372,35.61496295,ELGEYO-MARAKWET,
55946832,1.079324655,35.61509309,ELGEYO-MARAKWET,1.079434832,35.61511834,ELGEYO-MARAKWET,
55890057,1.069466097,35.61585004,ELGEYO-MARAKWET,1.069466097,35.61585004,ELGEYO-MARAKWET,
55890058,1.070046197,35.61615864,ELGEYO-MARAKWET,1.070046197,35.61615864,ELGEYO-MARAKWET,
55946827,1.077330182,35.61697975,ELGEYO-MARAKWET,1.077330182,35.61697975,ELGEYO-MARAKWET,
55946828,1.077623351,35.61702549,ELGEYO-MARAKWET,1.077750679,35.61700542,ELGEYO-MARAKWET,
55946829,1.07744208,35.61793932,ELGEYO-MARAKWET,1.07744208,35.61793932,ELGEYO-MARAKWET,
55946830,1.077255094,35.61886928,ELGEYO-MARAKWET,1.077255094,35.61886928,ELGEYO-MARAKWET,
55946831,1.078645721,35.6192917,ELGEYO-MARAKWET,1.078645721,35.6192917,ELGEYO-MARAKWET,
55950439,-0.594053941,37.77116005,EMBU,-0.594053941,37.77116005,EMBU,
55950440,-0.601218306,37.77143811,EMBU,-0.601218306,37.77143811,EMBU,
55950438,-0.587746422,37.77396343,EMBU,-0.587746422,37.77396343,EMBU,
55950441,-0.580199857,37.77431259,EMBU,-0.580199857,37.77431259,EMBU,
55950435,-0.570403433,37.77462676,EMBU,-0.570578596,37.77458189,EMBU,
55950444,-0.578729511,37.77520091,EMBU,-0.578729511,37.77520091,EMBU,
55950432,-0.578337987,37.77541467,EMBU,-0.578337987,37.77541467,EMBU,
55950437, , ,EMBU,-0.581443785,37.77553186,EMBU,
55950433,-0.577139552,37.77589118,EMBU,-0.577139552,37.77589118,EMBU,
55950431, , ,EMBU,-0.579688887,37.77599538,EMBU,
55895339,-0.578537657,37.7761718,EMBU,-0.578537657,37.7761718,EMBU,
55895338, , ,EMBU,-0.579709253,37.77627564,EMBU,
55950449,-0.575408658,37.77628806,EMBU,-0.575408658,37.77628806,EMBU,
55950445,-0.579857726,37.77636462,EMBU,-0.579857726,37.77636462,EMBU,
55950446,-0.579346113,37.77648218,EMBU,-0.579346113,37.77648218,EMBU,
55950447, , ,EMBU,-0.579172551,37.77653425,EMBU,
55950436,-0.579998231,37.7767436,EMBU,-0.579998231,37.7767436,EMBU,
55895341,-0.578640365,37.77677493,EMBU,-0.578640365,37.77677493,EMBU,
55895340,-0.578624562,37.77705028,EMBU,-0.578624562,37.77705028,EMBU,
55950448,-0.578778433,37.78056125,EMBU,-0.578778433,37.78056125,EMBU,
55809722,-1.684858383,40.16719911,GARISSA,-1.684858383,40.16719911,GARISSA,
55809661,-1.685091696,40.16745986,GARISSA,-1.685091696,40.16745986,GARISSA,
55809725,-1.685560534,40.16761458,GARISSA,-1.685560534,40.16761458,GARISSA,
55809723,-1.685473238,40.16761867,GARISSA,-1.685473238,40.16761867,GARISSA,
55809645,-1.685353045,40.16756557,GARISSA,-1.685238239,40.1676739,GARISSA,
55809726,-1.685275685,40.16770902,GARISSA,-1.685208804,40.16769166,GARISSA,
55809660,-1.685271336,40.16775443,GARISSA,-1.685271336,40.16775443,GARISSA,
55832304,-1.682914992,40.16804312,GARISSA,-1.682914992,40.16804312,GARISSA,
55832302,-1.684387165,40.16804703,GARISSA,-1.684387165,40.16804703,GARISSA,
56074120,-1.6831305,40.1681013,GARISSA,-1.6831305,40.1681013,GARISSA,
56074121,-1.683294312,40.16813882,GARISSA,-1.683294312,40.16813882,GARISSA,
55832301,-1.684671627,40.16815159,GARISSA,-1.684671627,40.16815159,GARISSA,
56074118,-1.695264486,40.1682362,GARISSA,-1.695264486,40.1682362,GARISSA,
55832305,-1.683896247,40.16843266,GARISSA,-1.683913392,40.16833271,GARISSA,
55832300,-1.685340819,40.16840293,GARISSA,-1.685340819,40.16840293,GARISSA,
56074122,-1.683184408,40.16844952,GARISSA,-1.683010373,40.1684358,GARISSA,
56074119,-1.683090683,40.16858776,GARISSA,-1.683099431,40.16852817,GARISSA,
55832303,-1.684279876,40.16855357,GARISSA,-1.684279876,40.16855357,GARISSA,
55726357,-1.6850439,40.1698577,GARISSA,-1.6850439,40.1698577,GARISSA,
55726358,-1.6843249,40.1704582,GARISSA,-1.6843249,40.1704582,GARISSA,
55884965, , ,GARISSA,0.056077886,40.30517237,GARISSA,
55889325, , ,GARISSA,0.056190189,40.30526967,GARISSA,
55889324,0.056261748,40.3052892,GARISSA,0.056261748,40.30528919,GARISSA,
55885100, , ,GARISSA,0.056158861,40.30533448,GARISSA,
55884964,0.056209174,40.30533918,GARISSA,0.056209174,40.30533918,GARISSA,
55889327,0.056157058,40.30531951,GARISSA,0.056161053,40.30537687,GARISSA,
55885168,0.055784859,40.30732252,GARISSA,0.055798934,40.30724705,GARISSA,
55885169, , ,GARISSA,0.055766039,40.30727468,GARISSA,
55889329,0.055716848,40.30731613,GARISSA,0.055716848,40.30731613,GARISSA,
55889328,0.055987585,40.30733269,GARISSA,0.055826496,40.30732743,GARISSA,
55885101,0.055829682,40.30739484,GARISSA,0.055829682,40.30739484,GARISSA,
55889330,0.055808159,40.30737079,GARISSA,0.055949686,40.30742456,GARISSA,
55889885,0.055544952,40.31071827,GARISSA,0.055544952,40.31071827,GARISSA,
55889886,0.055536518,40.31095658,GARISSA,0.055536518,40.31095658,GARISSA,
55885845,0.0552684,40.3114248,GARISSA,0.0552684,40.3114248,GARISSA,
55889889,0.054151683,40.31161496,GARISSA,0.054151683,40.31161496,GARISSA,
55889887,0.055248966,40.31167092,GARISSA,0.055248966,40.31167092,GARISSA,
55889888,0.054874196,40.31178533,GARISSA,0.054874196,40.31178533,GARISSA,
55885846,0.0527255,40.3121048,GARISSA,0.0527255,40.3121048,GARISSA,
55889890,0.052852308,40.31473742,GARISSA,0.052852308,40.31473742,GARISSA,
55865362,-0.475705829,34.28902982,HOMABAY,-0.475705829,34.28902982,HOMABAY,
55865358,-0.475926198,34.28924342,HOMABAY,-0.475882102,34.28919376,HOMABAY,
55865359,-0.48020862,34.29249061,HOMABAY,-0.48020862,34.29249061,HOMABAY,
55865360,-0.491478863,34.3037927,HOMABAY,-0.491478863,34.3037927,HOMABAY,
56117540,-0.493754689,34.30504299,HOMABAY,-0.493754689,34.30504299,HOMABAY,
55865361,-0.494907912,34.30549791,HOMABAY,-0.494907912,34.30549791,HOMABAY,
56117537,-0.494773602,34.30608769,HOMABAY,-0.494773602,34.30608769,HOMABAY,
56117539,-0.502752674,34.30842387,HOMABAY,-0.502752674,34.30842387,HOMABAY,
56117538,-0.501970269,34.30850966,HOMABAY,-0.501970269,34.30850966,HOMABAY,
55785052,-0.497373867,34.31110598,HOMABAY,-0.497373867,34.31110598,HOMABAY,
55785051,-0.498499547,34.31115853,HOMABAY,-0.498499547,34.31115853,HOMABAY,
55791418,-0.499347719,34.31147907,HOMABAY,-0.499419954,34.31134236,HOMABAY,
55785053,-0.49687425,34.31185774,HOMABAY,-0.49687425,34.31185774,HOMABAY,
55785054,-0.495317508,34.31255755,HOMABAY,-0.495317508,34.31255755,HOMABAY,
55791420,-0.499521643,34.31257323,HOMABAY,-0.499521643,34.31257323,HOMABAY,
55791423,-0.495626179,34.31272708,HOMABAY,-0.495626179,34.31272708,HOMABAY,
55791419,-0.499459384,34.31296943,HOMABAY,-0.499459384,34.31296943,HOMABAY,
55791422,-0.490964533,34.31403141,HOMABAY,-0.490964533,34.31403141,HOMABAY,
55785055,-0.490242833,34.31443698,HOMABAY,-0.490242833,34.31443698,HOMABAY,
55785056,-0.489361764,34.31486143,HOMABAY,-0.489361764,34.31486143,HOMABAY,
56007577,-0.445378109,34.88225928,HOMABAY,-0.445378109,34.88225928,HOMABAY,
56007578,-0.443596369,34.88290511,HOMABAY,-0.443596369,34.88290511,HOMABAY,
56007576,-0.445016683,34.8846639,HOMABAY,-0.445016683,34.8846639,HOMABAY,
56017202,-0.439265946,34.88549306,HOMABAY,-0.439265946,34.88549306,HOMABAY,
56017203, , ,HOMABAY,-0.43814654,34.88567098,HOMABAY,
56007575,-0.445642126,34.88571031,HOMABAY,-0.445642126,34.8857103,HOMABAY,
56017206,-0.437176491,34.88575524,HOMABAY,-0.437176491,34.88575524,HOMABAY,
56017204,-0.437858275,34.88594227,HOMABAY,-0.437858275,34.88594227,HOMABAY,
56007581,-0.442208903,34.88607686,HOMABAY,-0.442223712,34.88603583,HOMABAY,
56017200,-0.440975849,34.88605025,HOMABAY,-0.440975849,34.88605024,HOMABAY,
56007580,-0.441790541,34.88629269,HOMABAY,-0.441775057,34.8863831,HOMABAY,
56017205,-0.438022899,34.88670429,HOMABAY,-0.438022899,34.88670429,HOMABAY,
56017201, , ,HOMABAY,-0.440540363,34.88675848,HOMABAY,
56007582,-0.442414629,34.88698795,HOMABAY,-0.442414629,34.88698795,HOMABAY,
56007574,-0.446165451,34.88727631,HOMABAY,-0.446165451,34.88727631,HOMABAY,
56007573,-0.446620838,34.8875109,HOMABAY,-0.446620838,34.8875109,HOMABAY,
56007610,-0.447028104,34.88908906,HOMABAY,-0.447028104,34.88908906,HOMABAY,
56007583,-0.44757628,34.88998247,HOMABAY,-0.44757628,34.88998247,HOMABAY,
56007579,-0.44217181,34.88067312,HOMABAY,-0.447610987,34.89000079,HOMABAY,
56007608,-0.447384581,34.89035006,HOMABAY,-0.447384581,34.89035005,HOMABAY,
55798215,-1.860973333,36.148965,KAJIADO,-1.859998333,36.14907,KAJIADO,
55798217,-1.859998333,36.14907,KAJIADO,-1.85999,36.14907,KAJIADO,
55798216,-1.860938333,36.14897167,KAJIADO,-1.860951667,36.14897167,KAJIADO,
55786747,-1.860016387,36.14904455,KAJIADO,-1.860009417,36.14907942,KAJIADO,
55798214,-1.860003333,36.14909,KAJIADO,-1.860003333,36.14909,KAJIADO,
55786956,-1.859978242,36.14909843,KAJIADO,-1.859978242,36.14909843,KAJIADO,
55786958,-1.860033332,36.14911389,KAJIADO,-1.860033332,36.14911389,KAJIADO,
55786808, , ,KAJIADO,-1.860040671,36.14918755,KAJIADO,
55793642,-1.858919709,36.1491945,KAJIADO,-1.858919709,36.1491945,KAJIADO,
55786955,-1.859842746,36.14921385,KAJIADO,-1.859842746,36.14921385,KAJIADO,
55786810, , ,KAJIADO,-1.859878799,36.14929471,KAJIADO,
55793641,-1.859043421,36.14930289,KAJIADO,-1.859043421,36.14930288,KAJIADO,
55786807, , ,KAJIADO,-1.859815831,36.14933032,KAJIADO,
55786745,-1.859805315,36.14942866,KAJIADO,-1.859805315,36.14942866,KAJIADO,
55786809, , ,KAJIADO,-1.859887264,36.14966539,KAJIADO,
55798218,-1.859488333,36.14968667,KAJIADO,-1.859488333,36.14968667,KAJIADO,
55793643,-1.859567819,36.15049544,KAJIADO,-1.859304068,36.15005463,KAJIADO,
55786748,-1.859526333,36.15009292,KAJIADO,-1.859526333,36.15009292,KAJIADO,
55793644,-1.859392728,36.14969478,KAJIADO,-1.85975674,36.15107801,KAJIADO,
55786959,-1.860277185,36.16220972,KAJIADO,-1.860277185,36.16220972,KAJIADO,
56064242,0.160129656,34.4443909,KAKAMEGA,0.160129656,34.4443909,KAKAMEGA,
56076900,0.160346594,34.44514035,KAKAMEGA,0.160346594,34.44514035,KAKAMEGA,
56064241,0.162251596,34.44515148,KAKAMEGA,0.162251596,34.44515148,KAKAMEGA,
56076899,0.1620143,34.44543659,KAKAMEGA,0.1620143,34.44543659,KAKAMEGA,
56076898,0.16158072,34.44679799,KAKAMEGA,0.16158072,34.44679799,KAKAMEGA,
56064240,0.161829807,34.44686876,KAKAMEGA,0.161829807,34.44686876,KAKAMEGA,
56076896,0.160733529,34.4475542,KAKAMEGA,0.160733529,34.4475542,KAKAMEGA,
56064243,0.159225087,34.447654,KAKAMEGA,0.159225087,34.447654,KAKAMEGA,
56076897,0.160920187,34.44780526,KAKAMEGA,0.160920187,34.44780526,KAKAMEGA,
56064238,0.160604217,34.44782354,KAKAMEGA,0.160604217,34.44782353,KAKAMEGA,
56076902,0.15842099,34.44798983,KAKAMEGA,0.15842099,34.44798983,KAKAMEGA,
56076901,0.158877953,34.44803124,KAKAMEGA,0.158877953,34.44803124,KAKAMEGA,
56064239,0.160276104,34.44832267,KAKAMEGA,0.160276104,34.44832267,KAKAMEGA,
56064237, , ,KAKAMEGA,0.161132792,34.44836162,KAKAMEGA,
56076895,0.160757303,34.44845275,KAKAMEGA,0.160757303,34.44845275,KAKAMEGA,
56064244,0.159863596,34.44902107,KAKAMEGA,0.159863596,34.44902107,KAKAMEGA,
56076903,0.158903316,34.4497799,KAKAMEGA,0.158903316,34.4497799,KAKAMEGA,
56076904,0.160853914,34.45011952,KAKAMEGA,0.160853914,34.45011952,KAKAMEGA,
56064245,0.160321634,34.45015931,KAKAMEGA,0.160321634,34.45015931,KAKAMEGA,
56064246,0.160398258,34.45041402,KAKAMEGA,0.160398258,34.45041402,KAKAMEGA,
56011316,0.356530373,34.71469906,KAKAMEGA,0.356530373,34.71469906,KAKAMEGA,
56011315,0.354614739,34.71525447,KAKAMEGA,0.354614739,34.71525447,KAKAMEGA,
56011317,0.357810809,34.71551885,KAKAMEGA,0.357810809,34.71551884,KAKAMEGA,
56011314,0.354694212,34.71570354,KAKAMEGA,0.35485371,34.71567844,KAKAMEGA,
56011313,0.355291435,34.71572509,KAKAMEGA,0.355219085,34.71570501,KAKAMEGA,
56011318,0.357464052,34.71578816,KAKAMEGA,0.357464052,34.71578816,KAKAMEGA,
56011312,0.354475783,34.71689436,KAKAMEGA,0.354475783,34.71689436,KAKAMEGA,
56011311,0.355760821,34.71700173,KAKAMEGA,0.355760821,34.71700173,KAKAMEGA,
56011310,0.35463449,34.71752835,KAKAMEGA,0.35463449,34.71752835,KAKAMEGA,
56011308,0.353229726,34.71770825,KAKAMEGA,0.353229726,34.71770825,KAKAMEGA,
56079883,0.353383321,34.71802568,KAKAMEGA,0.353383321,34.71802568,KAKAMEGA,
56079874,0.358702117,34.71896728,KAKAMEGA,0.358702117,34.71896728,KAKAMEGA,
56079876,0.359292763,34.72067632,KAKAMEGA,0.359292763,34.72067632,KAKAMEGA,
56079875,0.358720535,34.72067809,KAKAMEGA,0.358752248,34.72081406,KAKAMEGA,
56079878,0.361083144,34.72146464,KAKAMEGA,0.360895629,34.72145301,KAKAMEGA,
56079877,0.359488282,34.72158907,KAKAMEGA,0.359488282,34.72158907,KAKAMEGA,
56079879,0.36173741,34.721808,KAKAMEGA,0.36173741,34.72180799,KAKAMEGA,
56079881, , ,KAKAMEGA,0.36142913,34.7224576,KAKAMEGA,
56079880,0.361549145,34.72256653,KAKAMEGA,0.361549145,34.72256652,KAKAMEGA,
56079882,0.359126975,34.7233263,KAKAMEGA,0.359126975,34.7233263,KAKAMEGA,
56005560,0.556603061,34.79189249,KAKAMEGA,0.556603061,34.79189249,KAKAMEGA,
56019945,0.555466868,34.79254131,KAKAMEGA,0.555466868,34.79254131,KAKAMEGA,
56005559,0.557005318,34.79315699,KAKAMEGA,0.557005318,34.79315699,KAKAMEGA,
56019944,0.557546039,34.7932426,KAKAMEGA,0.557546039,34.7932426,KAKAMEGA,
56005558, , ,KAKAMEGA,0.557314798,34.7934948,KAKAMEGA,
56019943,0.557887147,34.79354458,KAKAMEGA,0.557887147,34.79354458,KAKAMEGA,
56019946,0.556318535,34.7937599,KAKAMEGA,0.556318535,34.7937599,KAKAMEGA,
56019948,0.556539403,34.79410986,KAKAMEGA,0.555206787,34.79379752,KAKAMEGA,
56005561,0.556794537,34.79427648,KAKAMEGA,0.556720375,34.79428836,KAKAMEGA,
55951944,0.554141017,34.79451677,KAKAMEGA,0.554141017,34.79451677,KAKAMEGA,
55951943, , ,KAKAMEGA,0.554515961,34.79452279,KAKAMEGA,
56019949,0.556998378,34.79538567,KAKAMEGA,0.556998378,34.79538567,KAKAMEGA,
56005562, , ,KAKAMEGA,0.559316459,34.79597939,KAKAMEGA,
55951946,0.561361719,34.79610748,KAKAMEGA,0.561361719,34.79610748,KAKAMEGA,
55951945,0.559332838,34.79618259,KAKAMEGA,0.559332838,34.79618259,KAKAMEGA,
56005564,0.558999196,34.79626742,KAKAMEGA,0.558999196,34.79626742,KAKAMEGA,
56019950,0.560182294,34.79739438,KAKAMEGA,0.560182294,34.79739438,KAKAMEGA,
55951947,0.560583828,34.79922594,KAKAMEGA,0.560583828,34.79922594,KAKAMEGA,
55951948, , ,KAKAMEGA,0.561085571,34.80082124,KAKAMEGA,
55951949,0.562409356,34.80525989,KAKAMEGA,0.562409356,34.80525989,KAKAMEGA,
56065461,-1.04815038,36.6310632,KIAMBU,-1.04815038,36.63106319,KIAMBU,
56023235,-1.054195188,36.63147491,KIAMBU,-1.054193887,36.63111145,KIAMBU,
56069039,-1.047245783,36.63126963,KIAMBU,-1.047237327,36.63116295,KIAMBU,
56023234,-1.054355547,36.63163906,KIAMBU,-1.054226523,36.63150123,KIAMBU,
56040005,-1.053563344,36.63163591,KIAMBU,-1.053563344,36.63163591,KIAMBU,
56040002, , ,KIAMBU,-1.053424665,36.63167166,KIAMBU,
56069040,-1.053050577,36.6318126,KIAMBU,-1.053050577,36.6318126,KIAMBU,
56069034,-1.054765111,36.63255615,KIAMBU,-1.054765111,36.63255615,KIAMBU,
56040004,-1.052868254,36.63264945,KIAMBU,-1.052868254,36.63264945,KIAMBU,
56069038,-1.052086971,36.63339834,KIAMBU,-1.052086971,36.63339834,KIAMBU,
56023232,-1.052664517,36.63353183,KIAMBU,-1.052664517,36.63353183,KIAMBU,
56065460,-1.049810834,36.63367252,KIAMBU,-1.049810834,36.63367252,KIAMBU,
56023233,-1.052786209,36.63366039,KIAMBU,-1.052698655,36.63370364,KIAMBU,
56065456,-1.055283148,36.63436485,KIAMBU,-1.055283148,36.63436485,KIAMBU,
56065459,-1.056805354,36.63582588,KIAMBU,-1.056805354,36.63582588,KIAMBU,
56069037,-1.059763176,36.63955945,KIAMBU,-1.057004778,36.63604836,KIAMBU,
56065458,-1.065452724,36.63710082,KIAMBU,-1.065452724,36.63710082,KIAMBU,
55843479,-1.106064403,36.63758967,KIAMBU,-1.106064403,36.63758967,KIAMBU,
56069035,-1.058296185,36.6387313,KIAMBU,-1.058296185,36.6387313,KIAMBU,
56065457,-1.059274562,36.63932412,KIAMBU,-1.059274562,36.63932412,KIAMBU,
55843477,-1.104545239,36.63971802,KIAMBU,-1.104545239,36.63971802,KIAMBU,
55843476,-1.107882118,36.63975202,KIAMBU,-1.107882118,36.63975202,KIAMBU,
55843478,-1.104756307,36.6398566,KIAMBU,-1.104756307,36.6398566,KIAMBU,
56069036,-1.066042184,36.6401139,KIAMBU,-1.066042184,36.6401139,KIAMBU,
56176733,-1.118515104,36.64333153,KIAMBU,-1.118515104,36.64333153,KIAMBU,
56176656,-1.117857044,36.64341726,KIAMBU,-1.117857044,36.64341726,KIAMBU,
56176737,-1.114270371,36.64365193,KIAMBU,-1.114270371,36.64365193,KIAMBU,
56176660,-1.115040083,36.6438115,KIAMBU,-1.115040083,36.6438115,KIAMBU,
55785860,-1.114510059,36.64503038,KIAMBU,-1.114510059,36.64503038,KIAMBU,
55785859,-1.11474697,36.64514922,KIAMBU,-1.11474697,36.64514922,KIAMBU,
56176734,-1.115394193,36.64526416,KIAMBU,-1.115394193,36.64526416,KIAMBU,
56176657, , ,KIAMBU,-1.115429541,36.64537926,KIAMBU,
55785861,-1.115847701,36.64544591,KIAMBU,-1.115847701,36.64544591,KIAMBU,
55785862, , ,KIAMBU,-1.115927915,36.64551483,KIAMBU,
56176658,-1.11479156,36.64580867,KIAMBU,-1.11479156,36.64580867,KIAMBU,
55785863,-1.114241174,36.64585719,KIAMBU,-1.114241174,36.64585719,KIAMBU,
55785864,-1.112925597,36.64588019,KIAMBU,-1.112925597,36.64588019,KIAMBU,
56176735,-1.115231153,36.64657881,KIAMBU,-1.115231153,36.64657881,KIAMBU,
56176659,-1.115315581,36.64938352,KIAMBU,-1.115315581,36.64938352,KIAMBU,
56176736,-1.115726067,36.65038532,KIAMBU,-1.115726067,36.65038532,KIAMBU,
55839509,-3.496888119,39.52217932,KILIFI,-3.496888119,39.52217932,KILIFI,
55894239,-3.48003174,39.52270136,KILIFI,-3.48003174,39.52270136,KILIFI,
55894240,-3.480362777,39.52321748,KILIFI,-3.480362777,39.52321748,KILIFI,
55894238,-3.479863159,39.52372489,KILIFI,-3.479863159,39.52372489,KILIFI,
55839508,-3.49574262,39.52409115,KILIFI,-3.49574262,39.52409115,KILIFI,
55894234,-3.480667925,39.52410778,KILIFI,-3.480667925,39.52410778,KILIFI,
55894237,-3.479779342,39.5243268,KILIFI,-3.479779342,39.5243268,KILIFI,
55894236,-3.480003389,39.52441103,KILIFI,-3.480003389,39.52441103,KILIFI,
55894235,-3.480346593,39.52445555,KILIFI,-3.480346593,39.52445555,KILIFI,
55839507, , ,KILIFI,-3.501383277,39.52678923,KILIFI,
55839505,-3.503780333,39.52777677,KILIFI,-3.503780333,39.52777677,KILIFI,
55839506,-3.503071993,39.52808156,KILIFI,-3.503071993,39.52808156,KILIFI,
55839504,-3.504996637,39.52810376,KILIFI,-3.504996637,39.52810376,KILIFI,
55839503,-3.505092541,39.52877768,KILIFI,-3.505092541,39.52877768,KILIFI,
55787459,-3.505756032,39.52923857,KILIFI,-3.505756032,39.52923857,KILIFI,
55787460,-3.505146877,39.52944357,KILIFI,-3.505146877,39.52944357,KILIFI,
55787464,-3.501336231,39.52966736,KILIFI,-3.501336231,39.52966736,KILIFI,
55787463,-3.502293128,39.52975351,KILIFI,-3.502293128,39.52975351,KILIFI,
55787461,-3.504591983,39.52987566,KILIFI,-3.504591983,39.52987566,KILIFI,
55787462,-3.503317693,39.52990729,KILIFI,-3.503317693,39.52990729,KILIFI,
55908482,-0.626640375,37.29725487,KIRINYAGA,-0.626640375,37.29725487,KIRINYAGA,
55908488,-0.624078172,37.29857393,KIRINYAGA,-0.624078172,37.29857393,KIRINYAGA,
55927433,-0.624157795,37.29900739,KIRINYAGA,-0.624157795,37.29900739,KIRINYAGA,
55908483,-0.62679283,37.29678799,KIRINYAGA,-0.626906254,37.29921107,KIRINYAGA,
55927432,-0.624198231,37.30019169,KIRINYAGA,-0.62429916,37.30024656,KIRINYAGA,
55927431,-0.62414107,37.30067404,KIRINYAGA,-0.62414107,37.30067404,KIRINYAGA,
55927429,-0.618445532,37.30074341,KIRINYAGA,-0.618242307,37.30075931,KIRINYAGA,
55927428,-0.618471605,37.30086598,KIRINYAGA,-0.618471605,37.30086598,KIRINYAGA,
55884180,-0.624277052,37.3009792,KIRINYAGA,-0.624277052,37.3009792,KIRINYAGA,
55927430,-0.618453519,37.3007494,KIRINYAGA,-0.620635835,37.30115048,KIRINYAGA,
55908487,-0.625481439,37.3013433,KIRINYAGA,-0.625303112,37.30130894,KIRINYAGA,
55908486,-0.632905466,37.30147874,KIRINYAGA,-0.632943256,37.30132568,KIRINYAGA,
55908485,-0.624448485,37.30086361,KIRINYAGA,-0.624386759,37.30134823,KIRINYAGA,
55884183,-0.624300894,37.30140136,KIRINYAGA,-0.624300894,37.30140136,KIRINYAGA,
55887693,-0.625695849,37.30144121,KIRINYAGA,-0.625695849,37.30144121,KIRINYAGA,
55884181,-0.632796006,37.30146244,KIRINYAGA,-0.632796006,37.30146244,KIRINYAGA,
55887695,-0.634119654,37.30147362,KIRINYAGA,-0.634119654,37.30147362,KIRINYAGA,
55887694,-0.623303906,37.30147611,KIRINYAGA,-0.623303906,37.30147611,KIRINYAGA,
55884182,-0.634972494,37.30152468,KIRINYAGA,-0.634972494,37.30152468,KIRINYAGA,
55887696,-0.631574693,37.30160346,KIRINYAGA,-0.631574693,37.30160346,KIRINYAGA,
56017148,-0.808029674,34.62916002,KISII,-0.808029674,34.62916002,KISII,
56016829,-0.807938566,34.62924191,KISII,-0.807938566,34.62924191,KISII,
56016830,-0.804989832,34.63126472,KISII,-0.804989832,34.63126472,KISII,
56017157,-0.798354489,34.63144823,KISII,-0.798354489,34.63144823,KISII,
56017149,-0.80482368,34.63256832,KISII,-0.80482368,34.63256832,KISII,
56016838,-0.798997307,34.63287212,KISII,-0.798997307,34.63287212,KISII,
56016837,-0.799650649,34.63337213,KISII,-0.799650649,34.63337213,KISII,
56017156,-0.799349663,34.63382594,KISII,-0.799349663,34.63382594,KISII,
56016836,-0.798152464,34.6353425,KISII,-0.798152464,34.6353425,KISII,
56017155,-0.797471883,34.63579841,KISII,-0.797471883,34.63579841,KISII,
56016831,-0.804589371,34.63630174,KISII,-0.804479601,34.63671401,KISII,
56017150,-0.803027274,34.63863446,KISII,-0.803027274,34.63863446,KISII,
56017154,-0.795213745,34.63961154,KISII,-0.795213745,34.63961154,KISII,
56016832,-0.79921494,34.6405112,KISII,-0.79921494,34.6405112,KISII,
56016835,-0.79494309,34.64088337,KISII,-0.79494309,34.64088337,KISII,
56017153,-0.794687147,34.641567,KISII,-0.794687147,34.641567,KISII,
56017151,-0.796173952,34.64229561,KISII,-0.796173952,34.64229561,KISII,
56016833,-0.795975823,34.64242262,KISII,-0.795913568,34.64239407,KISII,
56017152,-0.795299087,34.64315169,KISII,-0.795299087,34.64315169,KISII,
56016834,-0.79540536,34.64349591,KISII,-0.79540536,34.64349591,KISII,
56077491,-0.580706954,34.80069859,KISII,-0.580706954,34.80069859,KISII,
56077487,-0.579700574,34.80124463,KISII,-0.579700574,34.80124463,KISII,
56090255, , ,KISII,-0.579356213,34.80307836,KISII,
56077488,-0.579670358,34.80359477,KISII,-0.579670358,34.80359477,KISII,
56077489,-0.580288533,34.80443675,KISII,-0.580288533,34.80443675,KISII,
56086977,-0.580558156,34.80452966,KISII,-0.580558156,34.80452966,KISII,
56090251,-0.580015502,34.80515332,KISII,-0.580015502,34.80515332,KISII,
56086973,-0.580145691,34.80517665,KISII,-0.580145691,34.80517665,KISII,
56086974,-0.579768216,34.80554034,KISII,-0.579768216,34.80554034,KISII,
56109216,-0.578575546,34.80556793,KISII,-0.57857805,34.80562888,KISII,
56090252,-0.579678987,34.8057697,KISII,-0.579678987,34.8057697,KISII,
56109212,-0.579885402,34.80586796,KISII,-0.579879188,34.80586211,KISII,
56086975,-0.580026565,34.80624824,KISII,-0.580026565,34.80624824,KISII,
56109215,-0.579129784,34.806348,KISII,-0.579118528,34.80633652,KISII,
56090253,-0.579668326,34.80639153,KISII,-0.579668326,34.80639153,KISII,
56109213,-0.580313517,34.80641353,KISII,-0.580313517,34.80641353,KISII,
56086976,-0.579706025,34.80652486,KISII,-0.579706025,34.80652486,KISII,
56090254,-0.579465153,34.80664708,KISII,-0.579465153,34.80664708,KISII,
56109214,-0.579390416,34.8068398,KISII,-0.579390416,34.8068398,KISII,
56077490,-0.578687706,34.80841225,KISII,-0.578687706,34.80841225,KISII,
55964857,-0.005805924,34.5867964,KISUMU,-0.005805924,34.5867964,KISUMU,
55921868, , ,KISUMU,-0.007216472,34.58887721,KISUMU,
55964856,-0.007594122,34.58903462,KISUMU,-0.007594122,34.58903462,KISUMU,
55964855,-0.007643085,34.58941168,KISUMU,-0.007643085,34.58941168,KISUMU,
55921867,-0.00792341,34.58978405,KISUMU,-0.00792341,34.58978405,KISUMU,
55964853,-0.007747058,34.59009857,KISUMU,-0.007747058,34.59009857,KISUMU,
55964854,-0.008005746,34.59042891,KISUMU,-0.008005746,34.59042891,KISUMU,
55964851,-0.008627271,34.59054788,KISUMU,-0.008627271,34.59054788,KISUMU,
55964852,-0.008384389,34.59055402,KISUMU,-0.008384389,34.59055402,KISUMU,
55921866,-0.008296028,34.590589,KISUMU,-0.008296028,34.59058899,KISUMU,
55930528,-0.006115596,34.59133797,KISUMU,-0.006115596,34.59133797,KISUMU,
55930527,-0.006944631,34.59144617,KISUMU,-0.006944631,34.59144617,KISUMU,
55930525,-0.008173535,34.59162041,KISUMU,-0.008173535,34.59162041,KISUMU,
55930529,-0.005604438,34.59164772,KISUMU,-0.005604438,34.59164772,KISUMU,
55930524,-0.008423811,34.59167668,KISUMU,-0.008423811,34.59167668,KISUMU,
55930526,-0.007788377,34.5917159,KISUMU,-0.007788377,34.5917159,KISUMU,
55921863,-0.008232647,34.59218704,KISUMU,-0.008232647,34.59218704,KISUMU,
55930523,-0.007963812,34.59230892,KISUMU,-0.007963812,34.59230892,KISUMU,
55921869, , ,KISUMU,-0.007590595,34.59245947,KISUMU,
55790229,-0.097789293,34.7728886,KISUMU,-0.097789293,34.7728886,KISUMU,
55790230,-0.096923222,34.77312252,KISUMU,-0.096923222,34.77312252,KISUMU,
55790235,-0.094870893,34.77331086,KISUMU,-0.094870893,34.77331086,KISUMU,
55790231,-0.096885923,34.77361258,KISUMU,-0.096885923,34.77361258,KISUMU,
55790232,-0.096830124,34.77365459,KISUMU,-0.096830124,34.77365459,KISUMU,
55779794,-0.097707059,34.7740952,KISUMU,-0.097762264,34.77407607,KISUMU,
55779796, , ,KISUMU,-0.097381014,34.77419248,KISUMU,
55840703,-0.094073061,34.77434301,KISUMU,-0.094073061,34.77434301,KISUMU,
55779795,-0.097929983,34.77438574,KISUMU,-0.097929983,34.77438574,KISUMU,
55840702,-0.093499282,34.77439457,KISUMU,-0.093499282,34.77439457,KISUMU,
55790234,-0.096320622,34.77450692,KISUMU,-0.096320622,34.77450692,KISUMU,
55840699,-0.093092529,34.77452877,KISUMU,-0.093092529,34.77452877,KISUMU,
55840697,-0.093083245,34.77456748,KISUMU,-0.093083245,34.77456748,KISUMU,
55840700, , ,KISUMU,-0.093506789,34.77461356,KISUMU,
55779797,-0.097203427,34.77465181,KISUMU,-0.097203427,34.77465181,KISUMU,
55779798,-0.096448757,34.77498748,KISUMU,-0.096448757,34.77498748,KISUMU,
55840701,-0.094398649,34.77504326,KISUMU,-0.094398649,34.77504326,KISUMU,
55840698,-0.092901051,34.77505185,KISUMU,-0.092901051,34.77505185,KISUMU,
55790237, , ,KISUMU,-0.094281833,34.77508986,KISUMU,
55779799,-0.09636849,34.77547224,KISUMU,-0.09636849,34.77547224,KISUMU,
55779800,-0.090828793,34.77580639,KISUMU,-0.091756774,34.77578287,KISUMU,
55789936,-2.022847874,38.10206641,KITUI,-2.022847874,38.10206641,KITUI,
55789941,-2.016963329,38.10244929,KITUI,-2.016963329,38.10244929,KITUI,
55789937,-2.025341659,38.10340742,KITUI,-2.025283226,38.10337883,KITUI,
55789940,-2.016530101,38.10338661,KITUI,-2.016530101,38.10338661,KITUI,
55789938,-2.025298195,38.10455923,KITUI,-2.025298195,38.10455923,KITUI,
55789939,-2.025020504,38.10575684,KITUI,-2.025020504,38.10575684,KITUI,
55842289,-2.015860883,38.10655531,KITUI,-2.015860883,38.10655531,KITUI,
55891608,-2.017446239,38.10851169,KITUI,-2.017446239,38.10851169,KITUI,
55891607,-2.023265382,38.10936922,KITUI,-2.023265382,38.10936922,KITUI,
55891602,-2.015547699,38.10973204,KITUI,-2.015547699,38.10973204,KITUI,
55891603,-2.017146564,38.11020304,KITUI,-2.017146564,38.11020304,KITUI,
55891606,-2.025080065,38.1112268,KITUI,-2.025080065,38.1112268,KITUI,
55842290,-2.019330641,38.11149263,KITUI,-2.019330641,38.11149263,KITUI,
55842293,-2.022032578,38.11332054,KITUI,-2.022032578,38.11332054,KITUI,
55891604,-2.0172588,38.11380018,KITUI,-2.017283344,38.11382931,KITUI,
55842292,-2.018891194,38.1138288,KITUI,-2.018883325,38.11383034,KITUI,
55842294,-2.021843634,38.11597872,KITUI,-2.021843634,38.11597872,KITUI,
55842296,-2.022454142,38.11681766,KITUI,-2.02246285,38.11682274,KITUI,
55891605,-2.022064606,38.11740579,KITUI,-2.022128616,38.11753209,KITUI,
55842295,-2.022425809,38.11937229,KITUI,-2.02244027,38.11939195,KITUI,
56017540,-3.906388272,39.49141336,KWALE,-3.906388272,39.49141336,KWALE,
56017539,-3.907084541,39.49252265,KWALE,-3.907084541,39.49252264,KWALE,
56017538,-3.907510009,39.49286349,KWALE,-3.907510009,39.49286349,KWALE,
56017537,-3.908592905,39.49302365,KWALE,-3.908592905,39.49302365,KWALE,
56017536, , ,KWALE,-3.909628899,39.49621503,KWALE,
56017535,-3.909441704,39.49628383,KWALE,-3.909441704,39.49628383,KWALE,
56017534,-3.909539718,39.49659438,KWALE,-3.909539718,39.49659438,KWALE,
55963613,-3.913431719,39.49742637,KWALE,-3.913431719,39.49742637,KWALE,
55963612,-3.913757448,39.49771526,KWALE,-3.913757448,39.49771526,KWALE,
55931044,-3.908603008,39.49910926,KWALE,-3.908603008,39.49910926,KWALE,
55931046,-3.908154266,39.50029822,KWALE,-3.908154266,39.50029822,KWALE,
55963607,-3.909180389,39.50032566,KWALE,-3.909180389,39.50032566,KWALE,
55963611,-3.911945476,39.50033161,KWALE,-3.911945476,39.5003316,KWALE,
55963608,-3.910286337,39.50085174,KWALE,-3.910286337,39.50085174,KWALE,
55931047,-3.906610293,39.50095741,KWALE,-3.906610293,39.50095741,KWALE,
55963610,-3.912021995,39.50183545,KWALE,-3.912021995,39.50183545,KWALE,
55963609,-3.911537202,39.50189819,KWALE,-3.911537202,39.50189819,KWALE,
55931050,-3.908553087,39.50203311,KWALE,-3.908553087,39.50203311,KWALE,
55931048,-3.906164806,39.50278182,KWALE,-3.906164806,39.50278182,KWALE,
55931049, , ,KWALE,-3.90674719,39.50313006,KWALE,
55928682,-1.45452073,37.24207454,MACHAKOS,-1.45452073,37.24207454,MACHAKOS,
55966488,-1.446843587,37.24297148,MACHAKOS,-1.446843587,37.24297148,MACHAKOS,
56021856,-1.456180529,37.24338468,MACHAKOS,-1.456180529,37.24338468,MACHAKOS,
55928683,-1.455040897,37.24366795,MACHAKOS,-1.455165276,37.2434616,MACHAKOS,
55966489,-1.446696191,37.24362197,MACHAKOS,-1.446573209,37.24361225,MACHAKOS,
55928681,-1.453364479,37.24374841,MACHAKOS,-1.453364479,37.24374841,MACHAKOS,
55966486,-1.449264764,37.24397882,MACHAKOS,-1.449263117,37.24402734,MACHAKOS,
56021857,-1.455844403,37.2442725,MACHAKOS,-1.455844403,37.2442725,MACHAKOS,
56021855,-1.457059221,37.24515529,MACHAKOS,-1.456920753,37.24511283,MACHAKOS,
55966485,-1.451091033,37.24513118,MACHAKOS,-1.451091033,37.24513118,MACHAKOS,
56021854,-1.457668031,37.24610307,MACHAKOS,-1.457668031,37.24610307,MACHAKOS,
55928680,-1.452882154,37.24598257,MACHAKOS,-1.452892512,37.24611429,MACHAKOS,
55966484,-1.452344519,37.24723174,MACHAKOS,-1.452354415,37.24723834,MACHAKOS,
55928678,-1.451856239,37.24739191,MACHAKOS,-1.451856239,37.24739191,MACHAKOS,
55928684,-1.454962249,37.24777034,MACHAKOS,-1.454962249,37.24777034,MACHAKOS,
56021853,-1.458953808,37.24807548,MACHAKOS,-1.458953808,37.24807548,MACHAKOS,
56021852,-1.457932064,37.24815369,MACHAKOS,-1.457932064,37.24815369,MACHAKOS,
55966490,-1.452548075,37.24848128,MACHAKOS,-1.452548075,37.24848127,MACHAKOS,
55928677,-1.453026995,37.24867955,MACHAKOS,-1.453026995,37.24867955,MACHAKOS,
56021851,-1.456770146,37.2488649,MACHAKOS,-1.456770146,37.2488649,MACHAKOS,
55929918,-1.533759262,37.56250318,MACHAKOS,-1.533759262,37.56250318,MACHAKOS,
55964197,-1.538027806,37.56286351,MACHAKOS,-1.538027806,37.56286351,MACHAKOS,
55964198,-1.536588691,37.56411722,MACHAKOS,-1.536588691,37.56411722,MACHAKOS,
55929913,-1.532748795,37.56479036,MACHAKOS,-1.532748795,37.56479035,MACHAKOS,
55929917,-1.533862879,37.56485048,MACHAKOS,-1.533862879,37.56485047,MACHAKOS,
55929916,-1.533491389,37.56572993,MACHAKOS,-1.533491389,37.56572993,MACHAKOS,
55964201,-1.539260951,37.56578675,MACHAKOS,-1.539238068,37.56584398,MACHAKOS,
55929915,-1.533053055,37.5663913,MACHAKOS,-1.533053055,37.5663913,MACHAKOS,
55964200,-1.538263204,37.56640795,MACHAKOS,-1.538263204,37.56640795,MACHAKOS,
55929914,-1.532277693,37.56644365,MACHAKOS,-1.532277693,37.56644365,MACHAKOS,
55929919,-1.531394772,37.56661699,MACHAKOS,-1.531394772,37.56661699,MACHAKOS,
55964202,-1.539092888,37.56852047,MACHAKOS,-1.538884002,37.56853558,MACHAKOS,
55964203,-1.539713754,37.56966149,MACHAKOS,-1.539713754,37.56966149,MACHAKOS,
56015776,-1.534444693,37.57156944,MACHAKOS,-1.534444693,37.57156944,MACHAKOS,
56015775,-1.534997251,37.5729033,MACHAKOS,-1.534997251,37.5729033,MACHAKOS,
56015774,-1.535971895,37.57310554,MACHAKOS,-1.535971895,37.57310554,MACHAKOS,
56015777,-1.531556829,37.57342196,MACHAKOS,-1.531556829,37.57342196,MACHAKOS,
56015773,-1.537504223,37.57488445,MACHAKOS,-1.537504223,37.57488445,MACHAKOS,
56015772,-1.536220758,37.57509303,MACHAKOS,-1.536220758,37.57509303,MACHAKOS,
56015771,-1.534371244,37.57529379,MACHAKOS,-1.534371244,37.57529379,MACHAKOS,
55839170,-2.587375716,38.07403679,MAKUENI,-2.587375716,38.07403679,MAKUENI,
55785890,-2.583719012,38.07518162,MAKUENI,-2.583103628,38.07425309,MAKUENI,
55839171,-2.591065381,38.07508282,MAKUENI,-2.591065381,38.07508282,MAKUENI,
55839168,-2.58659209,38.07540794,MAKUENI,-2.58659209,38.07540794,MAKUENI,
55839169,-2.587488676,38.0754422,MAKUENI,-2.587488676,38.07544219,MAKUENI,
55886186,-2.589272732,38.07671224,MAKUENI,-2.589272732,38.07671224,MAKUENI,
55886185,-2.590200462,38.07745156,MAKUENI,-2.590200462,38.07745156,MAKUENI,
55886187,-2.589281029,38.07764116,MAKUENI,-2.589281029,38.07764116,MAKUENI,
55785886,-2.587385951,38.07770194,MAKUENI,-2.587385951,38.07770194,MAKUENI,
55886189,-2.591754428,38.07773616,MAKUENI,-2.591754428,38.07773616,MAKUENI,
55886183,-2.590620946,38.07799311,MAKUENI,-2.590620946,38.07799311,MAKUENI,
55785888,-2.58493151,38.07819915,MAKUENI,-2.58493151,38.07819915,MAKUENI,
55886184,-2.590295874,38.07821946,MAKUENI,-2.590295874,38.07821946,MAKUENI,
55785884,-2.591679279,38.07852987,MAKUENI,-2.591679279,38.07852987,MAKUENI,
55886188,-2.590808778,38.07853349,MAKUENI,-2.590808778,38.07853349,MAKUENI,
55785885,-2.590356219,38.07920327,MAKUENI,-2.590356219,38.07920327,MAKUENI,
55785889,-2.58365654,38.07965275,MAKUENI,-2.58365654,38.07965275,MAKUENI,
55839165,-2.589955411,38.08175361,MAKUENI,-2.589955411,38.08175361,MAKUENI,
55839166,-2.588800902,38.08290031,MAKUENI,-2.588800902,38.08290031,MAKUENI,
55839167,-2.587347906,38.08509549,MAKUENI,-2.587347906,38.08509549,MAKUENI,
56168754,2.431966318,40.63759992,MANDERA,2.431966318,40.63759992,MANDERA,
56168985, , ,MANDERA,2.442946175,40.64833532,MANDERA,
56073857,2.4436098,40.6484058,MANDERA,2.4436098,40.6484058,MANDERA,
56169026,2.443120328,40.64843315,MANDERA,2.442929676,40.64855706,MANDERA,
56168753,2.443023687,40.64858594,MANDERA,2.443023687,40.64858594,MANDERA,
56168752, , ,MANDERA,2.443098703,40.64860379,MANDERA,
56168751,2.443050497,40.64857384,MANDERA,2.442995868,40.64865587,MANDERA,
56073856,2.4432812,40.6486937,MANDERA,2.4432812,40.6486937,MANDERA,
56073860,2.4437652,40.6487164,MANDERA,2.4437652,40.6487164,MANDERA,
56168749,2.443429199,40.6487426,MANDERA,2.443429199,40.6487426,MANDERA,
56168842, , ,MANDERA,2.443414352,40.64878836,MANDERA,
56168722,2.443447896,40.64878879,MANDERA,2.443447896,40.64878879,MANDERA,
56168984,2.442971595,40.64882752,MANDERA,2.442971595,40.64882752,MANDERA,
56168843,2.443439705,40.64882607,MANDERA,2.443419812,40.64886454,MANDERA,
56168750,2.443386023,40.64877517,MANDERA,2.443337551,40.6488972,MANDERA,
56168748,2.443305617,40.64891408,MANDERA,2.443305617,40.64891408,MANDERA,
56073861,2.4439349,40.649171,MANDERA,2.4439349,40.649171,MANDERA,
56073858,2.443578,40.649403,MANDERA,2.443578,40.649403,MANDERA,
56073862,2.4446462,40.6494091,MANDERA,2.4446462,40.6494091,MANDERA,
56073859,2.4433273,40.6494529,MANDERA,2.4433273,40.6494529,MANDERA,
55947582,3.512670007,38.6416916,MARSABIT,3.512670007,38.6416916,MARSABIT,
55886492,3.507164555,38.64343882,MARSABIT,3.507164555,38.64343882,MARSABIT,
55886491,3.506863336,38.64351765,MARSABIT,3.506863336,38.64351765,MARSABIT,
55886490,3.506881801,38.64414722,MARSABIT,3.506979526,38.64418377,MARSABIT,
55886493,3.508275441,38.64430142,MARSABIT,3.508241492,38.64432127,MARSABIT,
55947583,3.507144108,38.64525881,MARSABIT,3.507144108,38.64525881,MARSABIT,
55886496,3.509747022,38.64621191,MARSABIT,3.509747022,38.64621191,MARSABIT,
55947581,3.511541912,38.64626007,MARSABIT,3.511541912,38.64626007,MARSABIT,
55840278,3.505830541,38.64642047,MARSABIT,3.505830541,38.64642046,MARSABIT,
55840277,3.504378812,38.64661363,MARSABIT,3.504378812,38.64661363,MARSABIT,
55886495,3.509664452,38.64691005,MARSABIT,3.509664452,38.64691005,MARSABIT,
55859937,3.505090577,38.64731648,MARSABIT,3.505090577,38.64731647,MARSABIT,
55886498, , ,MARSABIT,3.507967169,38.64771318,MARSABIT,
55840279,3.506727433,38.64783861,MARSABIT,3.506727433,38.64783861,MARSABIT,
55886497,3.508739952,38.6478607,MARSABIT,3.508739952,38.6478607,MARSABIT,
55859936,3.506515942,38.6478717,MARSABIT,3.506515942,38.6478717,MARSABIT,
55947580,3.510527101,38.64792235,MARSABIT,3.510527101,38.64792235,MARSABIT,
55947584,3.507702769,38.64845603,MARSABIT,3.507702769,38.64845603,MARSABIT,
55840276,3.504233879,38.6486351,MARSABIT,3.504203045,38.6486679,MARSABIT,
55859938,3.506643401,38.64872038,MARSABIT,3.506643401,38.64872038,MARSABIT,
55730908,3.522840653,39.05379684,MARSABIT,3.522817478,39.05385396,MARSABIT,
55670283,3.521658438,39.05479678,MARSABIT,3.521658438,39.05479678,MARSABIT,
55730909,3.522089284,39.05442378,MARSABIT,3.52185376,39.05481467,MARSABIT,
55670282,3.521713756,39.0553051,MARSABIT,3.521854709,39.05532714,MARSABIT,
55670285,3.52657091,39.05708941,MARSABIT,3.52744651,39.05559674,MARSABIT,
55779140,3.520777159,39.05565366,MARSABIT,3.520777159,39.05565366,MARSABIT,
55730910,3.5229206,39.05575997,MARSABIT,3.5229206,39.05575997,MARSABIT,
55670279,3.522824755,39.0564303,MARSABIT,3.523414556,39.05605054,MARSABIT,
55670284,3.521581781,39.05638752,MARSABIT,3.521581781,39.05638752,MARSABIT,
55670280,3.52536384,39.05684764,MARSABIT,3.52541195,39.05680236,MARSABIT,
55730907,3.525663613,39.05732955,MARSABIT,3.525663613,39.05732955,MARSABIT,
55730905,3.527974782,39.05784997,MARSABIT,3.527991209,39.05777583,MARSABIT,
55730912,3.520908655,39.05862299,MARSABIT,3.520908655,39.05862299,MARSABIT,
55730906,3.528310597,39.05912985,MARSABIT,3.528348403,39.05916309,MARSABIT,
55730911,3.52400087,39.05949232,MARSABIT,3.52400087,39.05949232,MARSABIT,
55779136,3.52887476,39.06010545,MARSABIT,3.528673885,39.06018232,MARSABIT,
55779135, , ,MARSABIT,3.526418126,39.06038524,MARSABIT,
55779137,3.524966021,39.06196886,MARSABIT,3.524966021,39.06196886,MARSABIT,
55779138, , ,MARSABIT,3.524787977,39.06215189,MARSABIT,
55779139,3.524398692,39.06224307,MARSABIT,3.524398692,39.06224307,MARSABIT,
55963488,0.218341763,37.79231172,MERU,0.218341763,37.79231172,MERU,
55963487,0.217228909,37.79312892,MERU,0.217228909,37.79312892,MERU,
55963485, , ,MERU,0.217057169,37.79324396,MERU,
55963486,0.220312364,37.79443668,MERU,0.220312364,37.79443668,MERU,
55963491,0.220329732,37.79616098,MERU,0.220329732,37.79616098,MERU,
55963490, , ,MERU,0.220408291,37.796225,MERU,
55963489,0.220330585,37.79625385,MERU,0.220330585,37.79625385,MERU,
55928990,0.222689921,37.79771772,MERU,0.222689921,37.79771772,MERU,
55928989,0.222661977,37.79800093,MERU,0.222661977,37.79800093,MERU,
56074099, , ,MERU,0.224484653,37.79883264,MERU,
55928985,0.223425012,37.79886628,MERU,0.223425012,37.79886628,MERU,
56074096,0.224187485,37.80411012,MERU,0.225795913,37.8001596,MERU,
56074100,0.225848909,37.80027494,MERU,0.225848909,37.80027494,MERU,
55928988,0.22496574,37.8012696,MERU,0.22496574,37.8012696,MERU,
55928987,0.224502098,37.80168258,MERU,0.224502098,37.80168258,MERU,
55928984,-0.579709253,37.77627564,MERU,0.223671406,37.80290347,MERU,
55928986,0.223614918,37.80293371,MERU,0.223614918,37.80293371,MERU,
56074095,0.224214844,37.8040786,MERU,0.224214844,37.8040786,MERU,
56074097, , ,MERU,0.224155234,37.80420937,MERU,
56074098,0.223789956,37.80483091,MERU,0.223789956,37.80483091,MERU,
56062065,0.298976392,37.88842658,MERU,0.298976392,37.88842658,MERU,
56062063, , ,MERU,0.300608397,37.89150295,MERU,
56062062,0.299193537,37.89298883,MERU,0.299193537,37.89298883,MERU,
56007970,0.290034532,37.89450505,MERU,0.290034532,37.89450505,MERU,
56007968,0.293332333,37.89497987,MERU,0.293332333,37.89497987,MERU,
56062060,0.295214595,37.89601848,MERU,0.295214595,37.89601847,MERU,
56007967,0.293887101,37.89710279,MERU,0.293887101,37.89710279,MERU,
56062067,0.290969306,37.8986624,MERU,0.290969306,37.8986624,MERU,
56007966, , ,MERU,0.291734097,37.89873996,MERU,
56062066,0.291580364,37.89916362,MERU,0.291580364,37.89916362,MERU,
56007971,0.291442162,37.89929425,MERU,0.291442162,37.89929425,MERU,
56074101, , ,MERU,0.292528832,37.89972784,MERU,
56074106, , ,MERU,0.293587129,37.89979227,MERU,
56074104,0.292544592,37.89990735,MERU,0.292544592,37.89990735,MERU,
56074107,0.293414615,37.89993101,MERU,0.293414615,37.89993101,MERU,
56074102,0.29229867,37.90028763,MERU,0.29229867,37.90028763,MERU,
56007973, , ,MERU,0.294144604,37.90082591,MERU,
56074103,0.292171038,37.90170952,MERU,0.292171038,37.90170952,MERU,
56007972,0.295389825,37.90181752,MERU,0.295389825,37.90181752,MERU,
56074105,0.292888406,37.90193463,MERU,0.292888406,37.90193463,MERU,
55892172,-0.877095777,34.41259503,MIGORI,-0.877095777,34.41259503,MIGORI,
55892171,-0.874023977,34.41694524,MIGORI,-0.874023977,34.41694524,MIGORI,
55891238, , ,MIGORI,-0.881553882,34.41731379,MIGORI,
55891239,-0.880603765,34.41739809,MIGORI,-0.880603765,34.41739809,MIGORI,
55891237,-0.883140973,34.41768861,MIGORI,-0.883140973,34.41768861,MIGORI,
55863534,-0.883809351,34.41982124,MIGORI,-0.883809351,34.41982124,MIGORI,
55892170,-0.875582229,34.42032072,MIGORI,-0.875582229,34.42032072,MIGORI,
55892168,-0.875633022,34.42040006,MIGORI,-0.875633022,34.42040006,MIGORI,
55863533,-0.883619368,34.42048373,MIGORI,-0.883619368,34.42048373,MIGORI,
55863532,-0.884729588,34.42088924,MIGORI,-0.884729588,34.42088924,MIGORI,
55891236,-0.879019962,34.42129032,MIGORI,-0.879019962,34.42129032,MIGORI,
55892173,-0.876413109,34.42131804,MIGORI,-0.876413109,34.42131804,MIGORI,
55891235,-0.878816473,34.42140658,MIGORI,-0.878816473,34.42140658,MIGORI,
55891234,-0.878290083,34.42198549,MIGORI,-0.878290083,34.42198549,MIGORI,
55892167,-0.877479611,34.42221299,MIGORI,-0.877479611,34.42221299,MIGORI,
55863531,-0.883273118,34.42253058,MIGORI,-0.883273118,34.42253057,MIGORI,
55891232,-0.883801316,34.42317529,MIGORI,-0.883801316,34.42317529,MIGORI,
55891233,-0.880375604,34.42348735,MIGORI,-0.880375604,34.42348735,MIGORI,
55863530,-0.882961724,34.42541703,MIGORI,-0.882961724,34.42541703,MIGORI,
55863535,-0.923589068,34.49189921,MIGORI,-0.923589068,34.49189921,MIGORI,
55990942, , ,MOMBASA,-4.113011611,39.63908039,MOMBASA,
55990943, , ,MOMBASA,-4.113011611,39.63908039,MOMBASA,
56006764,-4.111229777,39.63988588,MOMBASA,-4.109491509,39.63926257,MOMBASA,
56006765, , ,MOMBASA,-4.109491509,39.63926257,MOMBASA,
55990945,-4.110480592,39.63886729,MOMBASA,-4.112769372,39.63793721,MOMBASA,
55922911,-4.111663072,39.63838246,MOMBASA,-4.111663072,39.63838246,MOMBASA,
55922912, , ,MOMBASA,-4.111703591,39.63852068,MOMBASA,
55990939,-4.113063632,39.6385339,MOMBASA,-4.113063632,39.6385339,MOMBASA,
55922914,-4.112134328,39.63855826,MOMBASA,-4.112125631,39.63868062,MOMBASA,
55990944,-4.112066301,39.63865614,MOMBASA,-4.112019422,39.63871243,MOMBASA,
55922913,-4.112069565,39.63876892,MOMBASA,-4.112069565,39.63876892,MOMBASA,
55990940, , ,MOMBASA,-4.112828431,39.63905523,MOMBASA,
56006766,-4.111544745,39.63962547,MOMBASA,-4.109495755,39.63915316,MOMBASA,
56006761,-4.109536271,39.63918935,MOMBASA,-4.109536271,39.63918935,MOMBASA,
55990941,-4.112573653,39.63902438,MOMBASA,-4.112211896,39.63920603,MOMBASA,
56006762,-4.111217691,39.63979492,MOMBASA,-4.109571507,39.63923595,MOMBASA,
56006760,-4.111174007,39.63991793,MOMBASA,-4.109537005,39.63924027,MOMBASA,
56006763,-4.111082527,39.63979984,MOMBASA,-4.109631253,39.63930267,MOMBASA,
55922908,-4.112662373,39.63983436,MOMBASA,-4.112662373,39.63983436,MOMBASA,
55922909,-4.112327265,39.64027494,MOMBASA,-4.112327265,39.64027494,MOMBASA,
55893017,-4.050876331,39.66680605,MOMBASA,-4.050975495,39.66667422,MOMBASA,
55893018,-4.050787246,39.66678544,MOMBASA,-4.050787246,39.66678544,MOMBASA,
55893016,-4.050805449,39.66692056,MOMBASA,-4.050805449,39.66692056,MOMBASA,
55893019,-4.050570061,39.66729979,MOMBASA,-4.050570061,39.66729979,MOMBASA,
55765955,-4.051420628,39.66781833,MOMBASA,-4.051420628,39.66781833,MOMBASA,
55764080,-4.051127319,39.66785499,MOMBASA,-4.051127319,39.66785499,MOMBASA,
55842875,-4.052530772,39.66809205,MOMBASA,-4.05261199,39.66793942,MOMBASA,
55842874,-4.0525515,39.66808423,MOMBASA,-4.0525515,39.66808423,MOMBASA,
55761695,-4.051163885,39.6680928,MOMBASA,-4.051163885,39.6680928,MOMBASA,
55842877, , ,MOMBASA,-4.050762496,39.66809544,MOMBASA,
55842876,-4.050692388,39.66806393,MOMBASA,-4.050898264,39.66812749,MOMBASA,
55761694,-4.051020279,39.66828347,MOMBASA,-4.051020279,39.66828347,MOMBASA,
55842873,-4.051668479,39.66840149,MOMBASA,-4.051668479,39.66840149,MOMBASA,
55811672,-4.050952462,39.66837594,MOMBASA,-4.051095584,39.66845229,MOMBASA,
55842872,-4.051298494,39.66852006,MOMBASA,-4.051298494,39.66852006,MOMBASA,
55811671,-4.051249276,39.66852101,MOMBASA,-4.051070896,39.66852292,MOMBASA,
55842878,-4.050678322,39.66863583,MOMBASA,-4.050678322,39.66863583,MOMBASA,
55893020,-4.051356414,39.66874547,MOMBASA,-4.051356414,39.66874547,MOMBASA,
55893021,-4.051243483,39.6687737,MOMBASA,-4.051274863,39.66883752,MOMBASA,
55893022,-4.051718334,39.668868,MOMBASA,-4.051718334,39.668868,MOMBASA,
55831760,-0.917262358,37.02800575,MURANG'A,-0.917262358,37.02800575,MURANG'A,
55831761,-0.918733337,37.02892818,MURANG'A,-0.918733337,37.02892818,MURANG'A,
55831758,-0.912283039,37.02960407,MURANG'A,-0.912283039,37.02960407,MURANG'A,
55831763,-0.920118543,37.02972895,MURANG'A,-0.920118543,37.02972895,MURANG'A,
55781147,-0.91542197,37.03200923,MURANG'A,-0.91542197,37.03200923,MURANG'A,
55781146,-0.915270886,37.03210968,MURANG'A,-0.915270886,37.03210968,MURANG'A,
55793756,-0.915761418,37.03336254,MURANG'A,-0.915761418,37.03336254,MURANG'A,
55789588, , ,MURANG'A,-0.915675126,37.03342,MURANG'A,
55789590,-0.9159746,37.03354657,MURANG'A,-0.9159746,37.03354657,MURANG'A,
55793757,-0.916267993,37.03357217,MURANG'A,-0.916267993,37.03357217,MURANG'A,
55793758,-0.916242503,37.03367207,MURANG'A,-0.916242503,37.03367206,MURANG'A,
55781143,-0.916840122,37.03384002,MURANG'A,-0.916840122,37.03384002,MURANG'A,
55789589,-0.916870073,37.0339194,MURANG'A,-0.916870073,37.0339194,MURANG'A,
55781142,-0.915583812,37.03468816,MURANG'A,-0.915583812,37.03468816,MURANG'A,
55781141,-0.915092191,37.03556495,MURANG'A,-0.915092191,37.03556495,MURANG'A,
55789591,-0.914970772,37.03584551,MURANG'A,-0.914970772,37.03584551,MURANG'A,
55781145,-0.91850391,37.03607234,MURANG'A,-0.91850391,37.03607234,MURANG'A,
55793759,-0.915405841,37.039024,MURANG'A,-0.915405841,37.039024,MURANG'A,
55789592,-0.926165249,37.05305757,MURANG'A,-0.926165249,37.05305757,MURANG'A,
55793760,-0.926801089,37.05435872,MURANG'A,-0.926801089,37.05435872,MURANG'A,
55844460,-0.732159365,37.14838674,MURANG'A,-0.732049151,37.14847475,MURANG'A,
55884179,-0.733621995,37.14904625,MURANG'A,-0.733621995,37.14904625,MURANG'A,
55844462,-0.732232234,37.14941374,MURANG'A,-0.732232234,37.14941374,MURANG'A,
55831613,-0.732368463,37.1494424,MURANG'A,-0.732368463,37.1494424,MURANG'A,
55844461,-0.732534419,37.14950717,MURANG'A,-0.732534419,37.14950717,MURANG'A,
55884178,-0.732834597,37.14964543,MURANG'A,-0.732834597,37.14964543,MURANG'A,
55831611,-0.732475765,37.1496824,MURANG'A,-0.732475765,37.1496824,MURANG'A,
55884176,-0.72844762,37.15284659,MURANG'A,-0.72844762,37.15284659,MURANG'A,
55831612,-0.730000812,37.15335346,MURANG'A,-0.730000812,37.15335346,MURANG'A,
55831765,-0.731172719,37.15390612,MURANG'A,-0.731172719,37.15390612,MURANG'A,
55831766,-0.728719663,37.15407237,MURANG'A,-0.728719663,37.15407237,MURANG'A,
55831610,-0.728003294,37.15531464,MURANG'A,-0.728003294,37.15531464,MURANG'A,
55844459,-0.72769081,37.15567026,MURANG'A,-0.727795862,37.15560297,MURANG'A,
55831609,-0.727627531,37.15563302,MURANG'A,-0.727627531,37.15563302,MURANG'A,
55844458,-0.727687599,37.15564631,MURANG'A,-0.727752059,37.15572588,MURANG'A,
55831607,-0.726707886,37.15585242,MURANG'A,-0.726707886,37.15585242,MURANG'A,
55844456,-0.726732322,37.15595904,MURANG'A,-0.726732322,37.15595904,MURANG'A,
55844457,-0.726957248,37.15604718,MURANG'A,-0.726957248,37.15604718,MURANG'A,
55831606,-0.726419856,37.15616009,MURANG'A,-0.726419856,37.15616009,MURANG'A,
55887692,-0.725086535,37.15633882,MURANG'A,-0.725086535,37.15633882,MURANG'A,
55702159,-1.291507522,36.7326074,NAIROBI,-1.291507522,36.7326074,NAIROBI,
55702158,-1.291505295,36.73385333,NAIROBI,-1.291505295,36.73385333,NAIROBI,
55659182,-1.292647589,36.73574076,NAIROBI,-1.292647589,36.73574076,NAIROBI,
55659181,-1.293030375,36.73711711,NAIROBI,-1.293030375,36.73711711,NAIROBI,
55664553,-1.296568309,36.73812851,NAIROBI,-1.296542659,36.73821885,NAIROBI,
55670667,-1.293231793,36.73847142,NAIROBI,-1.293231793,36.73847142,NAIROBI,
55659180, , ,NAIROBI,-1.293686992,36.73877978,NAIROBI,
55655424,-1.291777899,36.73878952,NAIROBI,-1.29177157,36.73883892,NAIROBI,
55664550,-1.299160254,36.73918377,NAIROBI,-1.299160254,36.73918377,NAIROBI,
55664549,-1.298970615,36.73949066,NAIROBI,-1.298970615,36.73949066,NAIROBI,
55660404,-1.296060114,36.7395179,NAIROBI,-1.296060114,36.7395179,NAIROBI,
55664546,-1.296095235,36.73968093,NAIROBI,-1.296095235,36.73968093,NAIROBI,
55660403,-1.294520309,36.73969174,NAIROBI,-1.294520309,36.73969174,NAIROBI,
55670669,-1.290660783,36.73991485,NAIROBI,-1.290660783,36.73991485,NAIROBI,
55670666,-1.291948171,36.74015026,NAIROBI,-1.291875695,36.7399532,NAIROBI,
55664547,-1.297227718,36.7402865,NAIROBI,-1.297227718,36.7402865,NAIROBI,
55660405,-1.29662409,36.74089707,NAIROBI,-1.29662409,36.74089707,NAIROBI,
55670668,-1.287830422,36.74155891,NAIROBI,-1.287830422,36.74155891,NAIROBI,
55675282,-1.295794292,36.74322464,NAIROBI,-1.295794292,36.74322464,NAIROBI,
55675283, , ,NAIROBI,-1.295286207,36.74460822,NAIROBI,
55663703,-1.290449076,36.84209491,NAIROBI,-1.290449076,36.8420949,NAIROBI,
55663702,-1.29039923,36.84245732,NAIROBI,-1.29039923,36.84245732,NAIROBI,
55669463,-1.289307064,36.84301488,NAIROBI,-1.289307064,36.84301487,NAIROBI,
55669464,-1.289433117,36.8431102,NAIROBI,-1.289751108,36.84310957,NAIROBI,
55669462,-1.289077131,36.84320862,NAIROBI,-1.289077131,36.84320862,NAIROBI,
55669460,-1.289341722,36.84332225,NAIROBI,-1.289341722,36.84332225,NAIROBI,
55664028, , ,NAIROBI,-1.288536439,36.84334236,NAIROBI,
55663701,-1.289685887,36.8435725,NAIROBI,-1.289898681,36.8434029,NAIROBI,
55669461, , ,NAIROBI,-1.28926566,36.84344323,NAIROBI,
55664030,-1.288644777,36.84339753,NAIROBI,-1.288519836,36.8434521,NAIROBI,
55663754,-1.288341836,36.84347359,NAIROBI,-1.288341836,36.84347359,NAIROBI,
55663753, , ,NAIROBI,-1.288397491,36.84355496,NAIROBI,
55664029,-1.288688284,36.8436092,NAIROBI,-1.288688284,36.8436092,NAIROBI,
55663699,-1.290676763,36.84165274,NAIROBI,-1.28967699,36.84362879,NAIROBI,
55663698,-1.289668032,36.84375905,NAIROBI,-1.289668032,36.84375905,NAIROBI,
55663751,-1.287960348,36.84382991,NAIROBI,-1.287960348,36.84382991,NAIROBI,
55664025,-1.288785329,36.84393156,NAIROBI,-1.288785329,36.84393156,NAIROBI,
55664031,-1.289626787,36.84414981,NAIROBI,-1.289626787,36.84414981,NAIROBI,
55663750,-1.287986534,36.84426538,NAIROBI,-1.287986534,36.84426538,NAIROBI,
55663748, , ,NAIROBI,-1.288633127,36.84455702,NAIROBI,
55673167,-1.314888725,36.89093642,NAIROBI,-1.314888725,36.89093642,NAIROBI,
55673166,-1.315827453,36.89146846,NAIROBI,-1.315910407,36.89151706,NAIROBI,
55659469,-1.317455346,36.89267123,NAIROBI,-1.317455346,36.89267123,NAIROBI,
55673129,-1.318818312,36.89336525,NAIROBI,-1.318818312,36.89336525,NAIROBI,
55657599,-1.318154517,36.89343289,NAIROBI,-1.318154517,36.89343289,NAIROBI,
55673558, , ,NAIROBI,-1.319543149,36.89361185,NAIROBI,
55673128,-1.318973944,36.89364412,NAIROBI,-1.318973944,36.89364412,NAIROBI,
55673556,-1.319891766,36.89389672,NAIROBI,-1.319891766,36.89389672,NAIROBI,
55662328,-1.318816398,36.89392796,NAIROBI,-1.318816398,36.89392796,NAIROBI,
55673555,-1.318804955,36.89396365,NAIROBI,-1.318804955,36.89396365,NAIROBI,
55673559,-1.320411488,36.89409444,NAIROBI,-1.320411488,36.89409444,NAIROBI,
55662329,-1.319193879,36.89415784,NAIROBI,-1.319193879,36.89415784,NAIROBI,
55655115,-1.318753277,36.89421112,NAIROBI,-1.318753277,36.89421112,NAIROBI,
55666615,-1.281331409,36.89446855,NAIROBI,-1.281331409,36.89446855,NAIROBI,
55666614,-1.281065945,36.8951651,NAIROBI,-1.281065945,36.8951651,NAIROBI,
55654832,-1.317894571,36.89524534,NAIROBI,-1.317894571,36.89524534,NAIROBI,
55666613,-1.280553982,36.89563456,NAIROBI,-1.280553982,36.89563456,NAIROBI,
55662330,-1.318023063,36.89566661,NAIROBI,-1.318023063,36.89566661,NAIROBI,
55673130,-1.317667935,36.89566967,NAIROBI,-1.317667935,36.89566967,NAIROBI,
55656707,-1.310017282,36.89596303,NAIROBI,-1.310017282,36.89596302,NAIROBI,
55657404,-1.279995028,36.89629972,NAIROBI,-1.279995028,36.89629972,NAIROBI,
55680069, , ,NAIROBI,-1.280031907,36.89665408,NAIROBI,
55655370,-1.280039008,36.89669737,NAIROBI,-1.280039008,36.89669737,NAIROBI,
55656706,-1.311215829,36.89677794,NAIROBI,-1.311215829,36.89677794,NAIROBI,
55655200,-1.281363347,36.89679904,NAIROBI,-1.281363347,36.89679904,NAIROBI,
55725793,-1.283133221,36.89767131,NAIROBI,-1.283133221,36.89767131,NAIROBI,
55680067,-1.279345236,36.89820196,NAIROBI,-1.279345236,36.89820196,NAIROBI,
55725795,-1.283767527,36.89832794,NAIROBI,-1.283767527,36.89832794,NAIROBI,
55680068,-1.27914411,36.89844094,NAIROBI,-1.27914411,36.89844094,NAIROBI,
55656708,-1.310292277,36.89846719,NAIROBI,-1.310292277,36.89846719,NAIROBI,
55702413,-1.312263691,36.89874982,NAIROBI,-1.312263691,36.89874982,NAIROBI,
55685553,-1.284085886,36.89907394,NAIROBI,-1.284085886,36.89907394,NAIROBI,
55680070,-1.278607975,36.89921561,NAIROBI,-1.278607975,36.89921561,NAIROBI,
55725794,-1.283747819,36.89930166,NAIROBI,-1.283747819,36.89930166,NAIROBI,
55685554,-1.283312672,36.89926535,NAIROBI,-1.283212687,36.89942633,NAIROBI,
55685556,-1.278449562,36.89986508,NAIROBI,-1.278449562,36.89986508,NAIROBI,
55680071,-1.278184426,36.89989377,NAIROBI,-1.278184426,36.89989377,NAIROBI,
55678210,-1.183206895,36.90011153,NAIROBI,-1.183206895,36.90011153,NAIROBI,
55685555,-1.282681837,36.90011675,NAIROBI,-1.282681837,36.90011675,NAIROBI,
55725798,-1.28097175,36.89864835,NAIROBI,-1.279849325,36.90041647,NAIROBI,
55725796, , ,NAIROBI,-1.282385456,36.90045602,NAIROBI,
55680218,-1.18286791,36.90080815,NAIROBI,-1.18286791,36.90080815,NAIROBI,
55680217,-1.182238547,36.90100104,NAIROBI,-1.182238547,36.90100104,NAIROBI,
55666987,-1.182816827,36.90153594,NAIROBI,-1.182816827,36.90153594,NAIROBI,
55666985,-1.181601935,36.9020083,NAIROBI,-1.181553198,36.90214745,NAIROBI,
55680215,-1.182263145,36.90264478,NAIROBI,-1.182344102,36.90262668,NAIROBI,
55680213,-1.183763949,36.90274503,NAIROBI,-1.183763949,36.90274503,NAIROBI,
55680214,-1.183579534,36.90301052,NAIROBI,-1.183579534,36.90301052,NAIROBI,
55676742,-1.181240038,36.90423091,NAIROBI,-1.181185394,36.9043089,NAIROBI,
55676736,-1.183969537,36.90435948,NAIROBI,-1.183969537,36.90435948,NAIROBI,
55676738,-1.183029668,36.90455349,NAIROBI,-1.183029668,36.90455349,NAIROBI,
55676740,-1.181186753,36.90503164,NAIROBI,-1.181186753,36.90503164,NAIROBI,
55676741,-1.180385729,36.90521585,NAIROBI,-1.180385729,36.90521585,NAIROBI,
55678209,-1.183181077,36.90526432,NAIROBI,-1.183181077,36.90526432,NAIROBI,
55678208,-1.183536165,36.90640639,NAIROBI,-1.183536165,36.90640639,NAIROBI,
55663380,-1.183425013,36.90667731,NAIROBI,-1.183425013,36.90667731,NAIROBI,
55663381,-1.182309007,36.90683831,NAIROBI,-1.182309007,36.90683831,NAIROBI,
55663382,-1.181496315,36.90745375,NAIROBI,-1.181496315,36.90745375,NAIROBI,
55675333,-1.179580279,36.9083652,NAIROBI,-1.179580279,36.9083652,NAIROBI,
55675334,-1.178723944,36.90874444,NAIROBI,-1.178723944,36.90874444,NAIROBI,
56127452,-0.173394268,35.6768082,NAKURU,-0.173394268,35.6768082,NAKURU,
56127453,-0.171912786,35.67886801,NAKURU,-0.171912786,35.67886801,NAKURU,
56022052,-0.171771744,35.67937573,NAKURU,-0.171893666,35.67928437,NAKURU,
56107065,-0.173841411,35.67984984,NAKURU,-0.174141768,35.67942422,NAKURU,
56127451,-0.173152445,35.67990403,NAKURU,-0.17355576,35.6794829,NAKURU,
56107066,-0.174606668,35.67955021,NAKURU,-0.174687746,35.67988731,NAKURU,
56127450, , ,NAKURU,-0.173152445,35.67990402,NAKURU,
56107061,-0.175982923,35.67995642,NAKURU,-0.175982923,35.67995642,NAKURU,
56107063,-0.173431454,35.68003725,NAKURU,-0.173431454,35.68003725,NAKURU,
56127449,-0.173171183,35.68006145,NAKURU,-0.173171183,35.68006145,NAKURU,
56107060,-0.175417615,35.68015149,NAKURU,-0.175417615,35.68015149,NAKURU,
56022048, , ,NAKURU,-0.172733628,35.68038337,NAKURU,
56022050,-0.173120375,35.68084431,NAKURU,-0.173120375,35.6808443,NAKURU,
56107059,-0.174569884,35.68086461,NAKURU,-0.174569884,35.68086461,NAKURU,
56107062,-0.173914948,35.68088861,NAKURU,-0.173914948,35.68088861,NAKURU,
56022045,-0.171628365,35.68136285,NAKURU,-0.171628365,35.68136284,NAKURU,
56022044,-0.173479117,35.68273234,NAKURU,-0.173653014,35.68214184,NAKURU,
56022040,-0.173581194,35.68265161,NAKURU,-0.173581194,35.68265161,NAKURU,
56022041,-0.173247012,35.68305684,NAKURU,-0.173363453,35.6830564,NAKURU,
56022042,-0.173373433,35.68402873,NAKURU,-0.173341387,35.68400354,NAKURU,
55928217,-0.447236667,35.938145,NAKURU,-0.447236667,35.938145,NAKURU,
55928218,-0.450103333,35.938605,NAKURU,-0.450103333,35.938605,NAKURU,
55928216,-0.44672,35.94071333,NAKURU,-0.44672,35.94071333,NAKURU,
55928215,-0.446238333,35.94207833,NAKURU,-0.446326667,35.94207667,NAKURU,
55928213, , ,NAKURU,-0.445698333,35.94606,NAKURU,
55928212,-0.445936667,35.94688333,NAKURU,-0.445936667,35.94688333,NAKURU,
55928211,-0.445518333,35.94715333,NAKURU,-0.445518333,35.94715333,NAKURU,
55928210, , ,NAKURU,-0.445376667,35.94802,NAKURU,
55928209,-0.446173333,35.94938,NAKURU,-0.446173333,35.94938,NAKURU,
55962655,-0.454435,35.95042667,NAKURU,-0.454435,35.95042667,NAKURU,
55962654,-0.45096,35.950555,NAKURU,-0.45096,35.950555,NAKURU,
55962657,-0.456565,35.95078667,NAKURU,-0.456565,35.95078667,NAKURU,
55962658, , ,NAKURU,-0.457721667,35.95085167,NAKURU,
55962659,-0.462315,35.95176667,NAKURU,-0.462315,35.95176667,NAKURU,
55962660, , ,NAKURU,-0.462821667,35.95194,NAKURU,
55962661,-0.467736667,35.95294333,NAKURU,-0.467736667,35.95294333,NAKURU,
55962662, , ,NAKURU,-0.46879,35.95298,NAKURU,
55962663,-0.475633333,35.95413167,NAKURU,-0.475633333,35.95413167,NAKURU,
55962664,-0.478551667,35.95437833,NAKURU,-0.478551667,35.95437833,NAKURU,
55962667,-0.480965,35.95532333,NAKURU,-0.481816667,35.95540333,NAKURU,
56076043,-0.338439761,35.96756586,NAKURU,-0.338439761,35.96756586,NAKURU,
56073765,-0.338291667,35.96766667,NAKURU,-0.338295,35.96765333,NAKURU,
56076053,-0.338099988,35.96790629,NAKURU,-0.338099988,35.96790629,NAKURU,
56073767,-0.338191667,35.96839,NAKURU,-0.338191667,35.96839,NAKURU,
56073762,-0.337935,35.969985,NAKURU,-0.337935,35.969985,NAKURU,
56076045,-0.339675726,35.97117156,NAKURU,-0.339675726,35.97117156,NAKURU,
56073763,-0.337676667,35.97141667,NAKURU,-0.337676667,35.97141667,NAKURU,
56073764,-0.3395,35.97182667,NAKURU,-0.33948,35.97180667,NAKURU,
56076048,-0.337461599,35.975386,NAKURU,-0.337461599,35.975386,NAKURU,
56076049,-0.337600529,35.97542601,NAKURU,-0.337600529,35.97542601,NAKURU,
56076051,-0.33770767,35.97557501,NAKURU,-0.337554837,35.97555234,NAKURU,
56076046,-0.337672971,35.97556288,NAKURU,-0.337672971,35.97556288,NAKURU,
56073766,-0.337673333,35.97546333,NAKURU,-0.337585,35.97556333,NAKURU,
56076047,-0.337677742,35.97553193,NAKURU,-0.337662686,35.97556728,NAKURU,
56073768,-0.337583333,35.975605,NAKURU,-0.337523333,35.97561,NAKURU,
56073771,-0.337566667,35.97566,NAKURU,-0.337541667,35.97562333,NAKURU,
56073769,-0.337406667,35.97584167,NAKURU,-0.337535,35.97565667,NAKURU,
56076050,-0.337481182,35.97564189,NAKURU,-0.337777365,35.97567359,NAKURU,
56076052,-0.337494424,35.97555811,NAKURU,-0.33738773,35.97575251,NAKURU,
56073770,-0.337408333,35.975825,NAKURU,-0.337406667,35.97584167,NAKURU,
56015448,-0.292433399,36.04306976,NAKURU,-0.292433399,36.04306976,NAKURU,
56015439,-0.294819831,36.04355489,NAKURU,-0.294819831,36.04355489,NAKURU,
56022002,-0.294905,36.04388833,NAKURU,-0.294866667,36.043875,NAKURU,
56015438,-0.293099414,36.04395214,NAKURU,-0.293099414,36.04395214,NAKURU,
56015440,-0.295172738,36.04454728,NAKURU,-0.295172738,36.04454728,NAKURU,
56022004,-0.295378333,36.045435,NAKURU,-0.295378333,36.045435,NAKURU,
56015441,-0.295516967,36.04564883,NAKURU,-0.295521085,36.04550691,NAKURU,
56022006,-0.29667,36.04607,NAKURU,-0.29667,36.04607,NAKURU,
56015442,-0.296140756,36.04616067,NAKURU,-0.296140756,36.04616067,NAKURU,
56022005,-0.295556667,36.04640167,NAKURU,-0.29538,36.046455,NAKURU,
56015443,-0.29549809,36.04662555,NAKURU,-0.29549809,36.04662555,NAKURU,
56015444,-0.296058294,36.04702132,NAKURU,-0.296058294,36.04702132,NAKURU,
56022009,-0.296231667,36.04772667,NAKURU,-0.296231667,36.04772667,NAKURU,
56022008,-0.295908333,36.04768167,NAKURU,-0.295835,36.04774833,NAKURU,
56015447, , ,NAKURU,-0.296492102,36.0481035,NAKURU,
56015446,-0.296340729,36.04815553,NAKURU,-0.296556695,36.04828696,NAKURU,
56022010,-0.29656,36.04836167,NAKURU,-0.29656,36.04836167,NAKURU,
56022007,-0.296771667,36.04855667,NAKURU,-0.296771667,36.04855667,NAKURU,
56022011,-0.296901667,36.04877167,NAKURU,-0.296901667,36.04877167,NAKURU,
56022003,-0.295271667,36.04588167,NAKURU,-0.296913333,36.048785,NAKURU,
55834602,0.177368648,35.31422329,NANDI,0.214393158,35.2998864,NANDI,
55881490,0.214201078,35.3010158,NANDI,0.214244468,35.30129609,NANDI,
55924029,0.178495643,35.309199,NANDI,0.178495643,35.309199,NANDI,
55924028,0.178717615,35.31049592,NANDI,0.178717615,35.31049592,NANDI,
55924027,0.177804376,35.31031828,NANDI,0.177770185,35.31077262,NANDI,
55924030,0.175394872,35.31136662,NANDI,0.175394872,35.31136662,NANDI,
55924026,0.176341739,35.31165464,NANDI,0.176341739,35.31165464,NANDI,
55881486,0.175084662,35.31363822,NANDI,0.175084662,35.31363822,NANDI,
55881487,0.17644256,35.31374722,NANDI,0.17644256,35.31374722,NANDI,
55881488,0.178018127,35.3140537,NANDI,0.178018127,35.3140537,NANDI,
55834601,0.177356396,35.31424789,NANDI,0.177356396,35.31424789,NANDI,
55834600,0.175836203,35.31483053,NANDI,0.175757013,35.31489233,NANDI,
55881482,0.175606516,35.31497056,NANDI,0.175733962,35.31489456,NANDI,
55881484,0.172665798,35.31513676,NANDI,0.172665798,35.31513676,NANDI,
55881481,0.177321872,35.31426422,NANDI,0.176006343,35.31517852,NANDI,
55834599,0.177092588,35.31606692,NANDI,0.177092588,35.31606692,NANDI,
55881483,0.173399669,35.31609134,NANDI,0.173399669,35.31609134,NANDI,
55834598,0.179448399,35.31764908,NANDI,0.179448399,35.31764908,NANDI,
55881489,0.188557546,35.31847097,NANDI,0.188557546,35.31847097,NANDI,
55924031,0.181187172,35.31854025,NANDI,0.181187172,35.31854025,NANDI,
55840130,-0.832123333,35.57815,NAROK,-0.832123333,35.57815,NAROK,
55840129,-0.833616667,35.57935,NAROK,-0.833616667,35.57935,NAROK,
55826988,-0.83245,35.579835,NAROK,-0.83245,35.579835,NAROK,
55826987,-0.831106667,35.58056833,NAROK,-0.832036667,35.580195,NAROK,
55845067,-0.831850162,35.58037694,NAROK,-0.831850162,35.58037694,NAROK,
55845065,-0.831552202,35.58055449,NAROK,-0.831552202,35.58055449,NAROK,
55845063, , ,NAROK,-0.831251974,35.5806477,NAROK,
55826986,-0.831353333,35.58042833,NAROK,-0.831105,35.58066667,NAROK,
55840128,-0.831601667,35.58068667,NAROK,-0.831601667,35.58068667,NAROK,
55845104,-0.831138462,35.58073771,NAROK,-0.831138462,35.58073771,NAROK,
55840131,-0.831173333,35.58074833,NAROK,-0.831173333,35.58074833,NAROK,
55845102,-0.831185137,35.58072866,NAROK,-0.831155524,35.58075949,NAROK,
55845100,-0.831011948,35.5807595,NAROK,-0.831011948,35.5807595,NAROK,
55845068,-0.831261289,35.58081205,NAROK,-0.831178305,35.58075957,NAROK,
55845064,-0.831143468,35.58088857,NAROK,-0.831190877,35.58076577,NAROK,
55845099,-0.831013327,35.58078078,NAROK,-0.831013327,35.58078078,NAROK,
55845103,-0.8311301,35.58076838,NAROK,-0.831187831,35.58079606,NAROK,
55845066,-0.83122544,35.58070813,NAROK,-0.831118814,35.5808418,NAROK,
55845101,-0.830354639,35.58103488,NAROK,-0.831044066,35.58118456,NAROK,
55845105,-0.839183184,35.58173893,NAROK,-0.839183184,35.58173893,NAROK,
55968715, , ,NYAMIRA,-0.692315494,35.07243519,NYAMIRA,
55968716, , ,NYAMIRA,-0.692315494,35.07243519,NYAMIRA,
55964697,-0.609983386,35.03348495,NYAMIRA,-0.609983386,35.03348495,NYAMIRA,
55968717,-0.610497687,35.03349565,NYAMIRA,-0.610497687,35.03349565,NYAMIRA,
55968718,-0.609909261,35.03398075,NYAMIRA,-0.609909261,35.03398075,NYAMIRA,
55964700,-0.609684392,35.03855793,NYAMIRA,-0.609684392,35.03855793,NYAMIRA,
55932455,-0.616568243,35.04466879,NYAMIRA,-0.616568243,35.04466879,NYAMIRA,
55931548,-0.615878841,35.04487368,NYAMIRA,-0.615878841,35.04487368,NYAMIRA,
55964698,-0.609797156,35.04539655,NYAMIRA,-0.609797156,35.04539655,NYAMIRA,
55932454,-0.614876295,35.04650718,NYAMIRA,-0.614876295,35.04650718,NYAMIRA,
55931547,-0.614861578,35.0466389,NYAMIRA,-0.614861578,35.04663889,NYAMIRA,
55964699,-0.609646945,35.04723151,NYAMIRA,-0.609646945,35.04723151,NYAMIRA,
55968714,-0.609867614,35.04816973,NYAMIRA,-0.609867614,35.04816973,NYAMIRA,
55932453,-0.610134502,35.04884176,NYAMIRA,-0.610134502,35.04884176,NYAMIRA,
55931546,-0.611040533,35.04891244,NYAMIRA,-0.611040533,35.04891244,NYAMIRA,
55932452,-0.610136101,35.04910765,NYAMIRA,-0.610136101,35.04910765,NYAMIRA,
55931545,-0.610565352,35.0492543,NYAMIRA,-0.610565352,35.0492543,NYAMIRA,
55932456, , ,NYAMIRA,-0.610986202,35.04990546,NYAMIRA,
55964702,-0.612100378,35.05096471,NYAMIRA,-0.612100378,35.05096471,NYAMIRA,
55968719,-0.615538736,35.05800766,NYAMIRA,-0.615538736,35.05800766,NYAMIRA,
55946051,-0.172000343,37.02178347,NYERI,-0.172000343,37.02178347,NYERI,
55946053,-0.173496187,37.02238148,NYERI,-0.173496187,37.02238148,NYERI,
55954746,-0.167786809,37.02356757,NYERI,-0.167786809,37.02356757,NYERI,
55954621,-0.171593364,37.03374736,NYERI,-0.171593364,37.03374736,NYERI,
55954741,-0.17365314,37.03667604,NYERI,-0.17365314,37.03667603,NYERI,
56162252,-0.178260711,37.03758821,NYERI,-0.178260711,37.03758821,NYERI,
55946052,-0.17694911,37.03928756,NYERI,-0.17694911,37.03928755,NYERI,
55946049,-0.178456422,37.03934679,NYERI,-0.178456422,37.03934679,NYERI,
55946050,-0.187093505,37.0395829,NYERI,-0.187093505,37.0395829,NYERI,
56162230,-0.183670564,37.04047366,NYERI,-0.183670564,37.04047366,NYERI,
55954742,-0.178702904,37.04088348,NYERI,-0.178702904,37.04088348,NYERI,
56162231,-0.179448075,37.04121811,NYERI,-0.179448075,37.04121811,NYERI,
55954743,-0.178152987,37.04136567,NYERI,-0.178152987,37.04136567,NYERI,
55954625,-0.179521073,37.04181294,NYERI,-0.179521073,37.04181294,NYERI,
55946048,-0.180123274,37.04268811,NYERI,-0.180123274,37.04268811,NYERI,
56162228,-0.180338789,37.04419136,NYERI,-0.180338789,37.04419136,NYERI,
55954744,-0.175729183,37.04866617,NYERI,-0.175729183,37.04866617,NYERI,
55954623,-0.175729935,37.04903696,NYERI,-0.175729935,37.04903696,NYERI,
55954624,-0.177963917,37.05333842,NYERI,-0.177963917,37.05333841,NYERI,
55954745,-0.177953191,37.05345808,NYERI,-0.177953191,37.05345808,NYERI,
56163251,1.092647071,36.69475903,SAMBURU,1.092647071,36.69475903,SAMBURU,
56163252,1.104767115,36.69560865,SAMBURU,1.104767115,36.69560865,SAMBURU,
56163249,1.094869774,36.69627173,SAMBURU,1.094869774,36.69627172,SAMBURU,
56163248,1.094796245,36.69636738,SAMBURU,1.094796245,36.69636738,SAMBURU,
56163243,1.095948325,36.6974635,SAMBURU,1.095948325,36.6974635,SAMBURU,
56162284,1.099667143,36.70072221,SAMBURU,1.099667143,36.70072221,SAMBURU,
56163254,1.083125291,36.70101757,SAMBURU,1.083125291,36.70101757,SAMBURU,
56163242,1.080619474,36.70151349,SAMBURU,1.080619474,36.70151349,SAMBURU,
56163236,1.076784754,36.70239628,SAMBURU,1.076784754,36.70239628,SAMBURU,
56163235,1.093987531,36.70251134,SAMBURU,1.093987531,36.70251134,SAMBURU,
56163253,1.091267478,36.70439192,SAMBURU,1.091267478,36.70439192,SAMBURU,
56163241,1.068146911,36.70487582,SAMBURU,1.068146911,36.70487582,SAMBURU,
56163237,1.066640207,36.70520357,SAMBURU,1.066640207,36.70520357,SAMBURU,
56163255,1.095171647,36.70621924,SAMBURU,1.095171647,36.70621924,SAMBURU,
56163226,1.095507504,36.7078398,SAMBURU,1.095507504,36.7078398,SAMBURU,
56162256,1.087806575,36.71008378,SAMBURU,1.087806575,36.71008378,SAMBURU,
56163230,1.095730842,36.71036629,SAMBURU,1.095730842,36.71036629,SAMBURU,
56163240,1.05097224,36.71196343,SAMBURU,1.05097224,36.71196343,SAMBURU,
56162253,1.074371766,36.71632852,SAMBURU,1.074371766,36.71632852,SAMBURU,
56163229,1.096221807,36.72475352,SAMBURU,1.096221807,36.72475352,SAMBURU,
55892388, , ,SIAYA,0.189910156,34.18451393,SIAYA,
55892390,0.189316231,34.18455675,SIAYA,0.189316231,34.18455675,SIAYA,
55892387,0.19056401,34.18459878,SIAYA,0.19056401,34.18459878,SIAYA,
55892389,0.18962223,34.18479922,SIAYA,0.18962223,34.18479922,SIAYA,
55892391,0.189098265,34.18535762,SIAYA,0.189098265,34.18535762,SIAYA,
55907332, , ,SIAYA,0.189195735,34.18638947,SIAYA,
55892392,0.187999862,34.18678243,SIAYA,0.187999862,34.18678243,SIAYA,
55907346,0.188912826,34.18786538,SIAYA,0.188912826,34.18786538,SIAYA,
55907333,0.190017504,34.18829513,SIAYA,0.190017504,34.18829513,SIAYA,
55907347,0.188195131,34.18854077,SIAYA,0.188195131,34.18854077,SIAYA,
55907326,0.191176564,34.18872555,SIAYA,0.191176564,34.18872555,SIAYA,
55907325,0.191932882,34.18875604,SIAYA,0.191932882,34.18875604,SIAYA,
55892393, , ,SIAYA,0.188350336,34.18894165,SIAYA,
55907324,0.192745999,34.18937331,SIAYA,0.192745999,34.18937331,SIAYA,
55907329,0.190492337,34.18964011,SIAYA,0.190492337,34.18964011,SIAYA,
55907327,0.189700544,34.18983491,SIAYA,0.189700544,34.18983491,SIAYA,
55907323,0.192431324,34.18976295,SIAYA,0.192333068,34.18988631,SIAYA,
55907328,0.189525306,34.18998108,SIAYA,0.189615093,34.18992271,SIAYA,
55907330,0.195212536,34.19181566,SIAYA,0.195055496,34.1917986,SIAYA,
55907348,0.192274087,34.19484587,SIAYA,0.192268636,34.19486829,SIAYA,
56122528,-1.758014852,40.09880716,TANARIVER,-1.758014852,40.09880716,TANARIVER,
56190823,-1.756512537,40.09993703,TANARIVER,-1.756643892,40.09894154,TANARIVER,
56190824,-1.756607485,40.0992424,TANARIVER,-1.756607485,40.0992424,TANARIVER,
56122533,-1.756604327,40.09943113,TANARIVER,-1.756611742,40.09945498,TANARIVER,
56122532,-1.756878103,40.09951291,TANARIVER,-1.756878103,40.09951291,TANARIVER,
56122534,-1.757301329,40.09961855,TANARIVER,-1.757274927,40.09964674,TANARIVER,
56122529,-1.756449341,40.09987951,TANARIVER,-1.756449341,40.09987951,TANARIVER,
56131322,-1.755625986,40.09992044,TANARIVER,-1.755625986,40.09992044,TANARIVER,
56190822,-1.756463218,40.09995777,TANARIVER,-1.756463218,40.09995777,TANARIVER,
56122531,-1.756466156,40.10000051,TANARIVER,-1.756466156,40.10000051,TANARIVER,
56122530,-1.75639506,40.09991533,TANARIVER,-1.756430843,40.10001756,TANARIVER,
56131320,-1.756711376,40.10007472,TANARIVER,-1.756711376,40.10007472,TANARIVER,
56131318, , ,TANARIVER,-1.757466492,40.10010477,TANARIVER,
56131317,-1.75781374,40.10017497,TANARIVER,-1.75781374,40.10017497,TANARIVER,
56189235,-1.756006751,40.10022435,TANARIVER,-1.756006751,40.10022435,TANARIVER,
56131319,-1.75718546,40.10007264,TANARIVER,-1.757445335,40.10023852,TANARIVER,
56131321,-1.756214067,40.10040282,TANARIVER,-1.756214067,40.10040282,TANARIVER,
56189237,-1.756244716,40.10060991,TANARIVER,-1.756244716,40.10060991,TANARIVER,
56189238,-1.756725605,40.10067489,TANARIVER,-1.756725605,40.10067489,TANARIVER,
56189236,-1.756150034,40.10117292,TANARIVER,-1.756150034,40.10117292,TANARIVER,
55919551,1.090903437,34.85093789,TRANSNZOIA,1.090903437,34.85093789,TRANSNZOIA,
55919550,1.091290447,34.85197439,TRANSNZOIA,1.091328889,34.85200021,TRANSNZOIA,
55918461,1.091433566,34.85200026,TRANSNZOIA,1.091433566,34.85200026,TRANSNZOIA,
55918462,1.091022264,34.85228491,TRANSNZOIA,1.091022264,34.85228491,TRANSNZOIA,
55919535,1.091307695,34.85203076,TRANSNZOIA,1.092018971,34.85246769,TRANSNZOIA,
55918465,1.090743713,34.85247421,TRANSNZOIA,1.090743713,34.85247421,TRANSNZOIA,
55919536,1.090741436,34.85272421,TRANSNZOIA,1.090741436,34.85272421,TRANSNZOIA,
55919552,1.090124043,34.85279351,TRANSNZOIA,1.090124043,34.8527935,TRANSNZOIA,
55919537,1.09037018,34.8528376,TRANSNZOIA,1.09037018,34.8528376,TRANSNZOIA,
55919553,1.088741743,34.85391979,TRANSNZOIA,1.088741743,34.85391979,TRANSNZOIA,
55918460,1.092382177,34.85392442,TRANSNZOIA,1.092382177,34.85392442,TRANSNZOIA,
55918463,1.087359986,34.85444974,TRANSNZOIA,1.087359986,34.85444974,TRANSNZOIA,
55919539,1.088429045,34.85453617,TRANSNZOIA,1.088429045,34.85453617,TRANSNZOIA,
55919556,1.086267724,34.85485695,TRANSNZOIA,1.086267724,34.85485695,TRANSNZOIA,
55918464,1.085903405,34.85512718,TRANSNZOIA,1.085903405,34.85512718,TRANSNZOIA,
55919555,1.088457795,34.85497983,TRANSNZOIA,1.088554659,34.85515516,TRANSNZOIA,
55919557,1.085134618,34.85520299,TRANSNZOIA,1.085134618,34.85520299,TRANSNZOIA,
55919540,1.087359416,34.85522118,TRANSNZOIA,1.087359416,34.85522118,TRANSNZOIA,
55918466, , ,TRANSNZOIA,1.085137546,34.85530208,TRANSNZOIA,
55919541,1.084047796,34.85535027,TRANSNZOIA,1.084047796,34.85535027,TRANSNZOIA,
55956125,1.070984979,34.99476491,TRANSNZOIA,1.070984979,34.99476491,TRANSNZOIA,
55932378,1.072930633,34.99530515,TRANSNZOIA,1.072930633,34.99530515,TRANSNZOIA,
55966208,1.071662069,34.99581834,TRANSNZOIA,1.071662069,34.99581834,TRANSNZOIA,
55966207,1.071425456,34.99601028,TRANSNZOIA,1.071425456,34.99601028,TRANSNZOIA,
55956124,1.070684513,34.99633368,TRANSNZOIA,1.070684513,34.99633368,TRANSNZOIA,
55956123,1.070570023,34.99658296,TRANSNZOIA,1.070570023,34.99658296,TRANSNZOIA,
55966205,1.070830596,34.99666058,TRANSNZOIA,1.070830596,34.99666058,TRANSNZOIA,
55966204, , ,TRANSNZOIA,1.071669724,34.99669759,TRANSNZOIA,
55932376,1.07282581,34.99689091,TRANSNZOIA,1.07282581,34.99689091,TRANSNZOIA,
55966206, , ,TRANSNZOIA,1.071236644,34.99691879,TRANSNZOIA,
55966203, , ,TRANSNZOIA,1.071172591,34.99692835,TRANSNZOIA,
55956122,1.070599714,34.99710447,TRANSNZOIA,1.070599714,34.99710447,TRANSNZOIA,
55932373,1.072058096,34.99718309,TRANSNZOIA,1.072058096,34.99718309,TRANSNZOIA,
55932374, , ,TRANSNZOIA,1.071906584,34.99730109,TRANSNZOIA,
55956119,1.070855864,34.9973087,TRANSNZOIA,1.070855864,34.9973087,TRANSNZOIA,
55932375,1.07287633,34.99742203,TRANSNZOIA,1.07287633,34.99742203,TRANSNZOIA,
55956120,1.070330846,34.99743208,TRANSNZOIA,1.070330846,34.99743208,TRANSNZOIA,
55966202,1.070154555,34.99772621,TRANSNZOIA,1.070154555,34.99772621,TRANSNZOIA,
55956126,1.070027894,34.99791314,TRANSNZOIA,1.070027894,34.99791314,TRANSNZOIA,
55932372,1.07181744,34.99793043,TRANSNZOIA,1.07181744,34.99793043,TRANSNZOIA,
56016638,2.375833774,35.64325849,TURKANA,2.375833774,35.64325849,TURKANA,
56016635,2.379564213,35.64340672,TURKANA,2.379564213,35.64340671,TURKANA,
56016637,2.376781251,35.64345639,TURKANA,2.376781251,35.64345639,TURKANA,
56016632,2.377669575,35.64350337,TURKANA,2.377669575,35.64350337,TURKANA,
56016633,2.37857702,35.6435827,TURKANA,2.37857702,35.6435827,TURKANA,
56016634,2.378841386,35.64359117,TURKANA,2.378841386,35.64359117,TURKANA,
56016631,2.378161184,35.64376697,TURKANA,2.378161184,35.64376697,TURKANA,
56016636,2.37747564,35.64392145,TURKANA,2.37747564,35.64392145,TURKANA,
56016630,2.378158393,35.64410842,TURKANA,2.378158393,35.64410842,TURKANA,
55962090,2.378765794,35.64440564,TURKANA,2.378765794,35.64440564,TURKANA,
55962095,2.38000253,35.64460166,TURKANA,2.38000253,35.64460166,TURKANA,
55962086,2.378126607,35.64477131,TURKANA,2.378191978,35.64472094,TURKANA,
55962088, , ,TURKANA,2.378298595,35.64479485,TURKANA,
55962087,2.37833789,35.64483134,TURKANA,2.37833789,35.64483134,TURKANA,
55962089, , ,TURKANA,2.378518992,35.64484523,TURKANA,
55962085,2.377807172,35.64484775,TURKANA,2.377807172,35.64484775,TURKANA,
55962091,2.378814811,35.64489968,TURKANA,2.378814811,35.64489968,TURKANA,
55962093,2.379647008,35.6449983,TURKANA,2.379647008,35.6449983,TURKANA,
55962094,2.37973617,35.6450492,TURKANA,2.37973617,35.6450492,TURKANA,
55962092,2.379234166,35.64518603,TURKANA,2.379234166,35.64518603,TURKANA,
56168442,2.309058127,40.36040219,WAJIR,2.309058127,40.36040219,WAJIR,
56062333,2.309051726,40.36041137,WAJIR,2.309051726,40.36041136,WAJIR,
56168443, , ,WAJIR,2.308863712,40.36055718,WAJIR,
56062331,2.308808159,40.36060588,WAJIR,2.308808159,40.36060588,WAJIR,
56039846,2.30854906,40.36085124,WAJIR,2.308539667,40.36065467,WAJIR,
56039842,2.308866735,40.36044282,WAJIR,2.308833491,40.36065705,WAJIR,
56168721, , ,WAJIR,2.308499433,40.36067286,WAJIR,
56062332,2.308861481,40.36061764,WAJIR,2.308793756,40.36067935,WAJIR,
56168515,2.30866201,40.36068949,WAJIR,2.30866201,40.36068949,WAJIR,
56168594,2.308578398,40.36069533,WAJIR,2.308578398,40.36069533,WAJIR,
56039843,2.308652792,40.36071411,WAJIR,2.308652792,40.36071411,WAJIR,
56039841,2.308842151,40.36071493,WAJIR,2.308842151,40.36071493,WAJIR,
56039847, , ,WAJIR,2.308647194,40.36074383,WAJIR,
56039844,2.308498315,40.36075806,WAJIR,2.308498315,40.36075805,WAJIR,
56168516,2.308575501,40.36071952,WAJIR,2.308622604,40.36079667,WAJIR,
55990758,2.3085551,40.3608097,WAJIR,2.3085551,40.3608097,WAJIR,
56062334,2.308628616,40.36078227,WAJIR,2.308513612,40.36083148,WAJIR,
56039845,2.308574934,40.36065392,WAJIR,2.308534794,40.3609543,WAJIR,
56168593,2.308636626,40.36109445,WAJIR,2.308636626,40.36109444,WAJIR,
55990761,2.3082434,40.3611241,WAJIR,2.3082434,40.3611241,WAJIR,
